age,gender,exercise_name,sets,reps,weight,frequency,protein,calories,sleep,experience,target_muscle_group,type,body_fat_percentage,cardio_minutes_per_week,maintenance_calories,muscle_size_cm2,definition_score
46,M,Overhead Press,5,11,92,4,149,1958,6.5,Advanced,Shoulders,Compound,17.8,80,2543,41.9,4.8
39,M,Hammer Curls,4,13,58,5,183,1739,6.1,Beginner,Arms,Isolation,17.2,110,2443,26.5,4.2
26,M,Incline Barbell Bench Press,5,9,110,3,166,2741,8.7,Advanced,Chest,Compound,22.5,223,2975,53.0,3.5
21,M,Face Pulls,4,13,50,4,167,2592,6.3,Intermediate,Back,Isolation,14.4,274,3062,33.7,4.9
38,M,Close-Grip Bench Press,3,10,54,3,190,1544,8.3,Intermediate,Arms,Compound,16.6,295,2264,40.7,4.6
28,M,Barbell Rows,5,6,111,4,167,1530,6.9,Advanced,Back,Compound,19.9,275,2232,47.7,4.6
39,F,Pec Deck,3,13,53,5,114,1978,6.3,Intermediate,Chest,Isolation,28.0,183,2192,16.8,1.8
49,M,Squats,3,8,67,4,164,2108,7.9,Intermediate,Legs,Compound,23.8,193,2881,32.7,3.0
37,F,Dumbbell Bench Press,4,6,116,3,138,1403,7.6,Intermediate,Chest,Compound,30.5,121,2058,27.1,1.7
41,F,Incline Barbell Bench Press,4,7,42,3,148,1679,7.5,Intermediate,Chest,Compound,27.8,113,1880,22.8,1.9
49,F,Diamond Push-ups,3,11,63,3,121,1287,6.3,Intermediate,Arms,Compound,24.9,156,1997,17.2,2.3
23,M,Lat Pulldowns,5,9,72,5,120,1865,6.6,Advanced,Back,Compound,14.9,218,2537,33.8,5.0
52,M,Incline Barbell Bench Press,3,10,71,5,138,1801,8.7,Beginner,Chest,Compound,18.7,211,2208,35.6,4.0
50,M,Chin-ups,3,8,64,3,185,2751,8.0,Beginner,Arms,Compound,23.7,228,3113,19.2,2.4
21,M,Overhead Press,5,8,61,4,157,2440,7.2,Intermediate,Shoulders,Compound,20.4,241,2869,38.7,4.0
44,F,Lunges,5,9,74,3,116,1940,8.8,Intermediate,Legs,Compound,24.9,280,2311,23.7,2.5
23,M,Lunges,3,9,102,3,151,2820,7.0,Beginner,Legs,Compound,17.6,187,3180,34.6,4.1
48,F,T-Bar Rows,4,7,56,3,142,1747,7.1,Advanced,Back,Compound,20.9,280,2192,19.3,3.4
43,F,Barbell Bench Press,4,11,115,5,114,1979,7.7,Advanced,Chest,Compound,25.2,91,2270,34.4,3.0
39,M,Pull-ups,4,11,54,4,127,2391,6.8,Beginner,Back,Compound,22.9,167,2643,35.6,3.1
21,F,Chin-ups,4,11,58,3,118,1662,6.2,Beginner,Arms,Compound,27.8,288,1919,16.9,1.7
40,M,T-Bar Rows,3,10,40,3,183,2552,7.3,Intermediate,Back,Compound,23.9,152,3198,21.5,2.7
29,M,Close-Grip Bench Press,4,11,101,3,135,1986,8.3,Beginner,Arms,Compound,16.4,144,2403,18.4,4.1
50,M,Diamond Push-ups,4,7,58,4,120,2283,8.1,Intermediate,Arms,Compound,24.3,75,2807,21.2,2.4
19,M,Barbell Rows,3,10,90,5,131,2036,8.9,Intermediate,Back,Compound,19.5,133,2812,43.5,4.1
46,M,Arnold Press,3,7,113,4,126,2222,8.1,Beginner,Shoulders,Compound,13.2,173,2617,16.4,4.5
46,M,Calf Raises,3,10,50,4,143,2809,7.7,Intermediate,Legs,Isolation,19.1,71,3198,44.2,4.3
30,F,Tricep Extensions,3,10,33,3,140,1920,7.1,Intermediate,Arms,Isolation,25.5,87,2195,20.7,2.7
36,M,Close-Grip Bench Press,5,6,78,3,161,2507,6.2,Beginner,Arms,Compound,19.8,282,2892,17.8,3.3
52,F,Cable Rows,3,13,21,4,141,1375,8.5,Intermediate,Back,Isolation,20.0,181,1967,16.8,3.2
46,M,Diamond Push-ups,3,10,43,4,150,1807,7.1,Advanced,Arms,Compound,16.8,226,2451,35.2,4.7
43,M,Cable Rows,3,8,53,3,196,2039,8.9,Intermediate,Back,Isolation,17.3,250,2586,26.3,4.3
42,F,Squats,4,10,114,3,118,1295,6.2,Intermediate,Legs,Compound,18.2,106,2026,29.4,4.3
31,M,Cable Crossovers,4,13,26,3,155,1918,7.2,Advanced,Chest,Isolation,17.0,119,2207,44.9,5.0
45,M,Barbell Bench Press,3,10,85,5,125,1659,7.2,Intermediate,Chest,Compound,12.4,256,2452,31.3,5.0
19,M,Cable Crossovers,4,14,25,3,182,2065,8.9,Advanced,Chest,Isolation,14.1,86,2481,40.5,5.0
50,M,Hammer Curls,3,13,17,3,172,1565,7.1,Intermediate,Arms,Isolation,12.7,144,2222,26.8,4.9
18,F,Pull-ups,5,7,73,4,102,1412,8.6,Intermediate,Back,Compound,27.4,113,1917,18.4,2.4
47,F,Deadlifts,5,8,77,4,133,1571,7.3,Intermediate,Legs,Compound,18.4,250,2105,17.0,4.1
50,F,Leg Extensions,4,8,24,3,119,2039,8.9,Intermediate,Legs,Isolation,30.1,112,2307,24.3,1.8
28,M,Close-Grip Bench Press,5,8,66,3,169,2611,6.6,Beginner,Arms,Compound,14.0,206,2871,18.6,4.6
35,M,Incline Barbell Bench Press,4,6,117,4,146,2740,6.3,Beginner,Chest,Compound,13.6,106,3012,17.8,4.5
47,M,Dumbbell Bench Press,5,11,53,4,197,1812,8.2,Intermediate,Chest,Compound,23.3,213,2227,20.1,2.6
24,M,Lat Pulldowns,5,6,67,4,176,1766,6.6,Advanced,Back,Compound,12.4,277,2238,46.5,5.0
42,F,Lunges,5,11,73,5,143,1374,7.1,Intermediate,Legs,Compound,29.0,160,2168,25.2,1.9
43,M,Incline Barbell Bench Press,3,11,109,5,123,2274,6.6,Intermediate,Chest,Compound,16.3,121,2823,32.5,4.8
41,F,Tricep Extensions,4,11,42,5,114,1486,6.8,Beginner,Arms,Isolation,23.7,289,1803,18.3,2.6
19,M,Lat Pulldowns,3,9,51,5,133,1681,6.3,Intermediate,Back,Compound,22.0,185,2200,27.0,3.1
53,M,Lunges,4,10,79,4,184,2277,8.0,Intermediate,Legs,Compound,17.9,76,2795,29.2,4.0
32,M,Tricep Extensions,3,10,23,4,154,2075,8.2,Intermediate,Arms,Isolation,24.1,209,2787,28.7,2.6
46,M,Leg Press,5,11,65,4,161,2043,8.0,Advanced,Legs,Compound,14.1,131,2331,30.0,5.0
31,F,Barbell Bench Press,5,7,117,3,138,1506,8.8,Intermediate,Chest,Compound,24.1,194,1903,23.1,2.9
32,F,Squats,3,10,66,5,103,1291,8.1,Intermediate,Legs,Compound,26.0,64,2088,26.1,2.7
50,M,Close-Grip Bench Press,3,10,86,3,146,2035,7.8,Intermediate,Arms,Compound,17.9,223,2329,29.5,4.3
44,M,Face Pulls,3,13,32,3,179,2533,6.3,Beginner,Back,Isolation,19.6,299,3192,34.2,4.0
54,F,Lateral Raises,4,10,37,3,125,1585,6.4,Beginner,Shoulders,Isolation,26.5,116,2204,18.9,2.0
32,M,Leg Press,5,9,64,4,157,1689,7.4,Beginner,Legs,Compound,22.4,278,2274,22.7,3.0
34,M,Incline Barbell Bench Press,3,6,88,3,141,1907,6.6,Beginner,Chest,Compound,15.2,108,2262,34.3,4.4
37,M,Barbell Bench Press,4,8,95,5,151,2033,7.9,Intermediate,Chest,Compound,19.0,280,2517,41.5,4.3
36,M,Chin-ups,4,8,102,3,148,2209,8.8,Advanced,Arms,Compound,18.8,91,2463,37.6,4.4
36,M,Cable Rows,3,14,17,5,191,2389,7.0,Intermediate,Back,Isolation,14.0,288,2642,20.6,4.4
50,M,Lateral Raises,4,12,28,5,167,2816,7.9,Advanced,Shoulders,Isolation,24.9,220,3022,48.2,3.1
36,M,Pec Deck,4,14,16,5,131,1939,7.9,Advanced,Chest,Isolation,21.2,225,2670,43.3,4.1
26,M,Pec Deck,4,14,46,3,133,2361,7.6,Intermediate,Chest,Isolation,21.9,296,3081,43.7,3.6
26,M,Squats,5,11,57,3,160,2008,7.7,Advanced,Legs,Compound,18.8,212,2241,53.5,4.6
29,M,Overhead Press,3,10,110,4,136,2209,8.3,Beginner,Shoulders,Compound,23.7,105,2884,18.7,2.3
18,M,Overhead Press,5,8,93,4,143,1649,8.2,Intermediate,Shoulders,Compound,17.1,92,2254,26.1,4.2
37,M,Arnold Press,4,10,112,3,136,2079,8.1,Advanced,Shoulders,Compound,24.4,163,2495,49.4,3.3
52,F,Barbell Rows,5,8,88,3,109,1048,7.3,Advanced,Back,Compound,21.8,106,1816,30.5,3.3
33,F,Pec Deck,3,9,55,3,146,1850,8.1,Advanced,Chest,Isolation,27.2,258,2337,32.5,2.9
43,M,Incline Barbell Bench Press,5,10,78,5,178,1912,7.9,Advanced,Chest,Compound,21.1,73,2601,25.0,3.6
52,M,Reverse Flyes,3,8,18,3,144,2585,7.9,Intermediate,Back,Isolation,18.9,75,3181,42.1,4.3
19,M,Lunges,5,8,78,4,181,1552,6.1,Advanced,Legs,Compound,23.4,295,2228,24.6,3.2
27,M,Incline Barbell Bench Press,4,7,107,4,156,2526,6.1,Intermediate,Chest,Compound,21.5,297,3157,33.1,3.2
32,M,Lunges,4,11,50,4,144,2281,6.2,Intermediate,Legs,Compound,24.3,131,3044,25.5,3.0
27,M,Leg Press,5,6,48,5,180,1530,7.5,Intermediate,Legs,Compound,24.4,141,2219,20.9,2.8
41,F,Incline Barbell Bench Press,3,7,50,3,127,1382,8.7,Intermediate,Chest,Compound,28.5,212,2122,24.3,2.3
26,M,Diamond Push-ups,3,7,57,4,179,1444,6.2,Advanced,Arms,Compound,15.7,104,2236,46.1,5.0
46,F,Deadlifts,5,9,98,5,144,1618,8.8,Intermediate,Legs,Compound,25.6,159,2162,24.9,2.6
24,F,Lat Pulldowns,3,11,78,5,135,1424,8.5,Advanced,Back,Compound,30.3,280,1881,26.4,1.9
19,M,Pull-ups,3,8,109,5,190,1828,7.3,Intermediate,Back,Compound,20.2,285,2613,44.5,3.9
32,F,Cable Rows,4,13,31,4,125,1502,6.1,Beginner,Back,Isolation,27.6,109,1821,23.2,2.3
46,M,Deadlifts,5,8,114,4,145,2501,6.8,Intermediate,Legs,Compound,17.0,88,3182,34.9,4.8
52,M,Hammer Curls,4,11,36,5,186,2157,6.5,Beginner,Arms,Isolation,21.0,151,2738,31.9,3.5
33,F,Arnold Press,5,7,100,5,117,1853,7.4,Advanced,Shoulders,Compound,24.2,86,2323,31.7,3.4
42,F,Close-Grip Bench Press,3,9,42,4,124,1921,7.8,Advanced,Arms,Compound,29.8,185,2326,31.9,2.3
53,M,Lunges,5,10,111,3,183,1936,7.4,Intermediate,Legs,Compound,20.5,154,2473,24.0,3.6
28,M,Overhead Press,3,11,71,5,173,2506,6.6,Advanced,Shoulders,Compound,12.5,220,2791,47.4,5.0
49,F,Cable Crossovers,4,14,16,4,145,1568,8.4,Beginner,Chest,Isolation,30.4,285,1889,18.4,1.2
28,M,Cable Crossovers,4,13,34,4,126,1652,8.7,Advanced,Chest,Isolation,20.0,191,2310,41.8,4.2
39,M,Front Raises,4,12,39,3,138,1676,7.4,Intermediate,Shoulders,Isolation,21.5,232,2442,33.2,3.3
49,M,Incline Barbell Bench Press,5,8,100,3,182,2743,6.8,Intermediate,Chest,Compound,15.0,135,3149,38.0,4.7
38,F,Tricep Extensions,3,10,46,3,133,1508,7.8,Advanced,Arms,Isolation,22.8,138,2219,25.7,3.5
23,M,Overhead Press,5,6,65,4,161,2073,8.9,Advanced,Shoulders,Compound,16.7,178,2798,32.5,4.7
31,M,Arnold Press,5,10,44,5,159,1989,6.4,Intermediate,Shoulders,Compound,14.1,104,2648,34.8,4.7
48,M,Barbell Rows,3,10,59,5,120,2659,6.5,Beginner,Back,Compound,18.8,271,3171,19.4,3.7
54,M,Tricep Extensions,4,10,34,4,121,1823,6.7,Intermediate,Arms,Isolation,21.2,85,2533,39.5,3.4
52,M,Close-Grip Bench Press,4,8,82,4,169,2809,7.7,Advanced,Arms,Compound,18.6,243,3193,33.5,4.5
40,M,Lat Pulldowns,4,10,40,5,148,2424,6.7,Beginner,Back,Compound,16.0,298,2975,16.6,3.9
51,M,Pull-ups,5,6,115,5,165,2839,6.6,Advanced,Back,Compound,12.2,267,3039,35.2,5.0
22,M,Dumbbell Flyes,4,12,23,3,150,2100,6.3,Intermediate,Chest,Isolation,19.9,157,2788,24.0,3.8
21,M,Lateral Raises,4,13,21,3,134,2660,7.1,Advanced,Shoulders,Isolation,22.4,258,2924,46.9,3.8
36,M,Diamond Push-ups,5,11,117,4,165,2959,7.6,Intermediate,Arms,Compound,16.9,131,3161,25.9,4.4
23,F,Lunges,5,8,87,5,145,1428,8.1,Advanced,Legs,Compound,20.1,230,2125,20.0,3.4
40,M,Hammer Curls,4,12,27,4,153,2453,7.5,Advanced,Arms,Isolation,24.4,299,2986,26.1,3.0
44,F,Barbell Rows,4,6,114,5,143,1365,8.4,Intermediate,Back,Compound,19.3,218,2150,23.7,4.1
53,M,Leg Press,3,11,60,4,128,2194,6.6,Beginner,Legs,Compound,16.9,69,2419,32.3,4.1
25,F,Front Raises,4,8,32,5,149,1458,6.5,Intermediate,Shoulders,Isolation,22.2,286,2238,18.8,3.3
50,M,Diamond Push-ups,4,6,117,3,176,2255,6.4,Beginner,Arms,Compound,20.3,123,2708,16.5,3.0
38,M,Rear Delt Flyes,3,11,40,4,151,2387,8.3,Intermediate,Shoulders,Isolation,21.4,95,2753,31.1,3.2
50,M,Chin-ups,3,9,66,3,191,2214,8.0,Intermediate,Arms,Compound,16.5,103,2975,29.2,4.4
20,M,Rear Delt Flyes,4,13,58,4,188,2071,8.1,Beginner,Shoulders,Isolation,16.7,114,2747,23.6,4.2
47,M,Chin-ups,3,9,44,3,149,2484,6.3,Advanced,Arms,Compound,20.6,209,2832,34.4,3.6
49,M,Chin-ups,3,7,41,5,192,2312,6.9,Advanced,Arms,Compound,21.2,239,2960,47.5,3.8
43,M,Tricep Extensions,4,14,56,4,164,2436,8.6,Intermediate,Arms,Isolation,18.5,217,2793,43.0,4.6
20,F,Lat Pulldowns,4,11,59,4,124,1613,8.6,Intermediate,Back,Compound,23.6,223,2065,16.2,2.8
18,M,Dumbbell Flyes,3,9,22,3,187,2457,6.7,Advanced,Chest,Isolation,18.5,232,3193,29.2,4.4
49,M,Deadlifts,3,8,41,5,150,1950,8.3,Intermediate,Legs,Compound,23.4,69,2666,43.4,3.1
28,F,Barbell Bench Press,4,11,46,3,103,1308,8.4,Intermediate,Chest,Compound,24.0,162,2059,19.5,2.5
46,M,Close-Grip Bench Press,5,8,53,5,124,2231,6.7,Intermediate,Arms,Compound,13.7,121,2940,30.7,4.9
32,M,Deadlifts,3,10,92,4,164,2833,7.1,Intermediate,Legs,Compound,20.0,247,3196,24.7,3.7
38,F,Chin-ups,5,6,91,3,141,2001,8.9,Beginner,Arms,Compound,20.1,172,2221,17.9,3.5
34,M,Cable Crossovers,4,11,54,3,194,2084,6.7,Advanced,Chest,Isolation,13.0,204,2483,48.3,5.0
41,F,Leg Press,5,6,90,5,104,1469,8.2,Beginner,Legs,Compound,24.2,117,1816,23.9,2.5
53,M,Overhead Press,4,11,47,4,127,2190,7.9,Advanced,Shoulders,Compound,14.4,253,2749,43.8,5.0
20,M,Lat Pulldowns,4,7,60,5,121,2114,7.5,Intermediate,Back,Compound,20.4,219,2687,39.4,4.0
49,M,Barbell Rows,5,11,61,4,163,2692,7.5,Beginner,Back,Compound,13.4,172,3179,16.9,4.5
52,M,T-Bar Rows,3,11,47,4,126,2124,6.2,Intermediate,Back,Compound,15.4,145,2559,42.0,5.0
42,F,Hammer Curls,3,10,37,3,142,1457,7.8,Beginner,Arms,Isolation,19.8,243,2077,14.0,3.5
36,M,Deadlifts,4,6,44,5,123,2345,6.6,Beginner,Legs,Compound,23.4,123,2648,27.5,3.0
42,M,Barbell Bench Press,4,7,97,4,197,1998,8.2,Advanced,Chest,Compound,14.4,240,2211,42.5,5.0
28,F,Barbell Rows,4,11,65,3,139,1664,6.1,Advanced,Back,Compound,25.0,233,2268,26.5,2.8
37,M,Leg Press,4,7,69,4,150,2727,8.5,Advanced,Legs,Compound,21.4,108,3114,39.3,3.9
36,M,Close-Grip Bench Press,4,6,94,3,182,2033,7.8,Intermediate,Arms,Compound,21.2,106,2345,39.6,4.0
50,M,Close-Grip Bench Press,4,10,100,4,122,1796,7.8,Intermediate,Arms,Compound,13.5,257,2249,39.6,5.0
36,M,Squats,4,10,109,4,158,1947,6.0,Intermediate,Legs,Compound,22.9,100,2459,41.8,3.2
48,F,Pull-ups,5,8,94,4,130,1795,6.8,Intermediate,Back,Compound,22.0,132,2199,15.2,3.0
37,M,Pike Push-ups,5,7,71,5,134,1949,7.2,Intermediate,Shoulders,Compound,16.1,213,2347,28.6,4.5
31,F,Barbell Rows,5,8,51,3,140,1884,6.5,Advanced,Back,Compound,27.2,255,2244,22.6,2.4
24,M,Bicep Curls,3,13,31,4,189,2389,7.3,Intermediate,Arms,Isolation,15.0,64,3165,44.5,5.0
19,M,Chin-ups,5,7,103,5,168,2799,6.8,Advanced,Arms,Compound,21.7,79,3030,37.8,3.8
21,F,Hammer Curls,3,8,54,4,148,1179,7.7,Intermediate,Arms,Isolation,30.3,190,1825,18.1,1.9
50,M,Pike Push-ups,3,8,50,4,143,1500,8.4,Advanced,Shoulders,Compound,17.9,223,2207,35.2,4.5
25,F,T-Bar Rows,4,8,42,5,137,1420,6.6,Intermediate,Back,Compound,25.5,67,1839,28.7,2.8
54,M,Hammer Curls,4,8,59,5,149,2264,7.0,Intermediate,Arms,Isolation,23.5,215,2732,22.1,3.1
48,M,Tricep Extensions,4,13,19,5,128,2329,8.8,Beginner,Arms,Isolation,13.2,193,2900,29.7,4.8
28,F,Rear Delt Flyes,4,12,42,4,132,1244,7.0,Intermediate,Shoulders,Isolation,21.6,234,1989,19.7,3.0
28,M,Front Raises,3,8,34,3,153,2206,6.9,Intermediate,Shoulders,Isolation,22.9,215,2471,28.8,3.2
23,F,Overhead Press,5,11,54,5,134,1820,6.9,Intermediate,Shoulders,Compound,21.9,105,2332,27.6,3.4
53,F,T-Bar Rows,5,8,62,5,145,1404,6.7,Advanced,Back,Compound,27.3,131,2153,32.2,2.4
36,F,Face Pulls,4,8,33,4,118,1742,6.1,Beginner,Back,Isolation,18.6,130,2225,17.1,3.8
26,M,Lunges,3,11,48,3,171,2287,8.5,Advanced,Legs,Compound,23.3,112,2575,32.4,3.2
31,F,Incline Barbell Bench Press,3,10,101,3,129,1764,7.7,Beginner,Chest,Compound,29.9,123,2231,22.8,1.8
38,M,Dumbbell Flyes,3,8,18,5,184,2969,7.6,Beginner,Chest,Isolation,19.8,234,3176,32.6,3.6
29,M,Lunges,3,10,90,5,147,2049,8.4,Beginner,Legs,Compound,14.1,126,2654,22.8,4.6
19,M,Barbell Bench Press,4,7,66,5,184,1939,7.0,Intermediate,Chest,Compound,15.5,158,2579,44.6,4.8
52,M,Incline Barbell Bench Press,5,9,78,3,168,2439,7.2,Intermediate,Chest,Compound,19.0,113,2956,34.8,4.5
26,F,Overhead Press,5,10,103,5,118,1761,8.8,Intermediate,Shoulders,Compound,25.4,104,2293,27.3,2.5
36,M,Pec Deck,4,9,19,3,165,2516,8.2,Advanced,Chest,Isolation,19.9,234,3058,45.4,4.2
37,M,Lat Pulldowns,3,6,115,4,134,2714,8.8,Beginner,Back,Compound,17.9,250,2954,23.7,4.0
27,M,Dumbbell Bench Press,4,8,41,3,122,2328,6.4,Intermediate,Chest,Compound,20.3,140,2877,20.3,3.6
29,M,Calf Raises,3,8,37,3,147,2017,8.1,Intermediate,Legs,Isolation,12.6,205,2493,34.4,5.0
26,M,Pike Push-ups,3,8,87,4,152,2535,6.5,Advanced,Shoulders,Compound,22.4,224,3024,37.4,3.7
54,F,Diamond Push-ups,5,8,50,3,104,1784,7.1,Intermediate,Arms,Compound,18.4,175,2375,17.3,4.0
18,M,Overhead Press,4,8,85,4,183,2129,7.2,Beginner,Shoulders,Compound,15.0,65,2562,35.4,4.7
32,M,Diamond Push-ups,4,9,57,3,148,2292,7.8,Beginner,Arms,Compound,16.8,185,2568,32.7,4.2
49,M,Barbell Rows,5,8,42,4,151,2245,6.6,Intermediate,Back,Compound,19.2,144,2553,23.9,3.9
38,F,Leg Press,4,8,90,3,134,1769,7.0,Intermediate,Legs,Compound,26.1,211,2072,20.2,2.4
54,F,Pike Push-ups,3,7,50,4,111,1913,6.4,Beginner,Shoulders,Compound,28.0,198,2358,22.2,2.0
22,F,Cable Crossovers,4,11,58,4,137,1241,6.6,Intermediate,Chest,Isolation,31.2,275,2027,28.2,1.7
44,M,Pike Push-ups,5,9,46,3,167,1652,6.3,Intermediate,Shoulders,Compound,23.3,175,2362,34.4,2.9
34,F,Pike Push-ups,4,10,70,5,131,1692,8.1,Advanced,Shoulders,Compound,30.4,230,1913,19.1,2.1
27,M,Overhead Press,4,8,58,4,145,2151,6.3,Intermediate,Shoulders,Compound,22.5,89,2463,29.0,2.9
18,M,Leg Curls,3,8,50,5,182,2090,7.2,Intermediate,Legs,Isolation,12.1,93,2393,21.7,4.6
21,M,Chin-ups,3,10,55,4,136,2561,8.5,Beginner,Arms,Compound,13.4,183,3135,23.0,4.7
19,M,Rear Delt Flyes,4,13,41,4,172,2412,7.6,Intermediate,Shoulders,Isolation,15.0,217,2932,27.4,5.0
38,M,Pull-ups,4,9,59,4,169,1602,6.7,Intermediate,Back,Compound,14.4,112,2213,39.0,5.0
39,M,Chin-ups,4,7,114,3,168,2125,6.3,Beginner,Arms,Compound,21.4,152,2915,34.3,3.1
49,M,Leg Curls,4,10,15,5,128,2231,7.7,Advanced,Legs,Isolation,18.1,141,2858,41.5,4.9
30,M,Incline Barbell Bench Press,3,6,99,5,174,2554,6.5,Intermediate,Chest,Compound,20.8,208,2928,43.4,4.1
54,F,Dumbbell Bench Press,5,9,76,4,147,1161,8.6,Advanced,Chest,Compound,27.8,158,1900,35.1,2.6
35,M,Squats,5,7,55,3,157,1870,8.2,Advanced,Legs,Compound,23.2,273,2528,24.1,3.0
40,M,Face Pulls,4,11,35,4,184,2082,6.3,Intermediate,Back,Isolation,20.5,294,2637,23.4,3.4
27,M,Pull-ups,4,7,74,3,136,2205,6.8,Beginner,Back,Compound,15.1,88,2586,29.8,4.5
53,M,Incline Barbell Bench Press,5,11,92,4,166,2278,6.8,Intermediate,Chest,Compound,17.9,283,2898,39.1,4.4
42,F,Overhead Press,5,9,90,3,110,1535,7.8,Intermediate,Shoulders,Compound,23.2,259,1959,20.2,2.7
21,F,Calf Raises,4,9,18,4,108,1270,7.9,Advanced,Legs,Isolation,26.4,91,1903,34.9,2.5
34,M,Lat Pulldowns,5,10,92,5,147,2372,8.4,Beginner,Back,Compound,20.1,234,3062,18.8,3.5
41,F,Barbell Rows,3,8,93,3,126,2007,7.1,Intermediate,Back,Compound,27.7,181,2221,15.9,2.1
22,M,Leg Press,4,11,47,3,152,1904,8.4,Advanced,Legs,Compound,19.1,70,2434,46.8,4.5
23,M,Lateral Raises,4,10,51,3,138,1963,6.6,Intermediate,Shoulders,Isolation,17.3,269,2473,32.5,4.7
21,F,Arnold Press,4,10,47,4,135,1457,6.7,Advanced,Shoulders,Compound,27.8,230,2151,24.4,2.5
37,M,Face Pulls,3,10,35,4,185,2197,8.2,Advanced,Back,Isolation,12.2,150,2963,39.0,5.0
44,M,Dumbbell Bench Press,5,7,40,3,190,2201,8.3,Intermediate,Chest,Compound,13.5,222,2804,36.6,4.7
44,M,Lunges,3,7,40,4,139,1888,8.5,Intermediate,Legs,Compound,17.0,100,2353,44.8,4.4
18,M,Calf Raises,3,10,26,4,138,2774,7.1,Advanced,Legs,Isolation,24.4,106,3082,32.5,3.3
43,F,Barbell Rows,3,8,85,4,126,1834,8.6,Intermediate,Back,Compound,24.7,188,2304,26.7,2.7
41,F,Face Pulls,3,8,37,3,122,1267,7.2,Beginner,Back,Isolation,28.8,240,2047,20.7,1.9
23,M,Lunges,5,11,86,4,155,2342,8.5,Advanced,Legs,Compound,16.0,146,2710,30.8,4.9
47,M,Front Raises,4,13,35,4,191,2389,6.2,Advanced,Shoulders,Isolation,14.4,90,2860,48.5,5.0
49,M,Barbell Rows,5,6,60,3,184,1911,7.5,Advanced,Back,Compound,24.4,95,2301,41.5,3.6
41,M,Face Pulls,3,8,48,5,192,2540,6.6,Beginner,Back,Isolation,22.4,143,2880,18.0,3.1
20,M,Incline Barbell Bench Press,5,9,71,4,162,1950,6.0,Advanced,Chest,Compound,17.7,117,2568,44.1,4.9
51,M,Dumbbell Bench Press,3,6,108,5,125,1811,8.9,Intermediate,Chest,Compound,22.6,249,2535,37.6,3.4
29,M,Chin-ups,5,6,111,5,175,1831,7.7,Advanced,Arms,Compound,20.8,75,2405,48.3,4.3
35,M,Leg Press,3,11,44,3,197,2855,6.2,Beginner,Legs,Compound,12.3,118,3123,19.7,4.5
36,M,Incline Barbell Bench Press,5,11,58,4,139,2448,7.0,Beginner,Chest,Compound,17.0,122,2676,20.1,4.0
25,M,Leg Curls,3,9,40,3,168,2741,6.2,Intermediate,Legs,Isolation,24.6,190,3144,24.5,2.5
42,F,Lat Pulldowns,5,10,59,5,119,2045,7.4,Intermediate,Back,Compound,27.7,286,2352,23.2,2.3
47,M,Cable Crossovers,3,10,50,5,121,2095,6.5,Advanced,Chest,Isolation,19.3,142,2707,35.2,4.1
27,M,Bicep Curls,3,11,15,3,187,2294,6.8,Intermediate,Arms,Isolation,12.1,223,2500,43.5,5.0
27,M,Dumbbell Bench Press,4,7,74,5,144,1974,6.8,Advanced,Chest,Compound,20.7,152,2540,29.7,3.8
44,M,Cable Rows,4,14,37,5,171,2433,6.1,Intermediate,Back,Isolation,20.3,284,2679,35.3,3.6
22,M,Pull-ups,4,11,87,5,157,2375,7.5,Advanced,Back,Compound,17.5,122,2849,34.6,4.7
20,M,Lateral Raises,3,12,20,5,158,2488,8.6,Advanced,Shoulders,Isolation,18.8,156,3056,46.1,4.9
26,M,Rear Delt Flyes,4,11,57,3,137,2272,6.9,Advanced,Shoulders,Isolation,23.4,198,2534,36.3,3.4
30,M,Close-Grip Bench Press,5,8,117,4,120,2716,6.3,Intermediate,Arms,Compound,18.4,216,2953,21.4,3.8
27,F,Overhead Press,3,9,51,5,141,1377,6.8,Advanced,Shoulders,Compound,29.6,120,2111,31.0,2.2
41,F,Close-Grip Bench Press,4,7,78,3,108,1807,7.7,Intermediate,Arms,Compound,31.3,94,2012,28.7,1.7
22,M,Barbell Bench Press,3,10,52,4,142,2327,6.5,Advanced,Chest,Compound,21.7,163,2571,49.8,4.1
54,F,Incline Barbell Bench Press,5,11,49,5,135,1481,7.8,Intermediate,Chest,Compound,19.2,265,1914,17.4,3.6
36,M,Incline Barbell Bench Press,3,8,106,4,166,2487,6.6,Advanced,Chest,Compound,24.8,157,3135,41.2,3.1
18,M,Lunges,4,6,110,3,145,2020,8.0,Intermediate,Legs,Compound,19.9,117,2524,22.9,3.9
18,M,Lunges,4,9,55,3,147,2749,7.6,Advanced,Legs,Compound,18.2,124,3021,26.1,4.3
39,F,Deadlifts,3,10,54,5,145,1197,7.9,Intermediate,Legs,Compound,29.1,205,1938,20.0,2.1
19,M,Bicep Curls,3,12,32,4,164,1998,6.7,Advanced,Arms,Isolation,19.0,280,2532,35.7,4.5
46,M,Diamond Push-ups,4,8,69,5,181,2642,7.5,Beginner,Arms,Compound,19.9,151,3097,30.6,3.9
51,F,Pull-ups,3,11,78,4,116,1745,8.0,Intermediate,Back,Compound,28.7,251,2299,16.0,2.0
24,M,Arnold Press,4,10,101,4,161,2399,8.1,Intermediate,Shoulders,Compound,14.1,113,3043,29.8,4.7
19,M,Incline Barbell Bench Press,5,7,62,4,181,1813,6.8,Advanced,Chest,Compound,14.4,225,2517,39.2,5.0
18,M,Arnold Press,4,10,118,5,142,2048,8.3,Advanced,Shoulders,Compound,15.6,143,2587,37.9,4.9
45,M,Rear Delt Flyes,4,13,39,4,148,2244,9.0,Intermediate,Shoulders,Isolation,17.4,289,2898,26.6,4.0
25,M,Bicep Curls,3,10,46,3,186,2093,7.4,Intermediate,Arms,Isolation,13.2,154,2657,21.7,4.5
30,M,Overhead Press,5,11,77,5,143,2348,8.1,Beginner,Shoulders,Compound,22.2,159,2661,23.2,2.7
32,M,Squats,3,10,58,5,193,1877,7.2,Beginner,Legs,Compound,17.4,79,2649,34.8,4.3
40,F,Overhead Press,4,9,81,4,110,1326,7.4,Advanced,Shoulders,Compound,25.4,205,1813,24.2,2.7
35,M,Overhead Press,4,7,61,5,183,2573,7.2,Advanced,Shoulders,Compound,12.7,163,3032,42.9,5.0
39,M,Reverse Flyes,3,10,29,4,157,2376,7.5,Intermediate,Back,Isolation,12.8,153,2731,43.7,5.0
19,M,Chin-ups,3,7,69,3,174,2496,8.1,Intermediate,Arms,Compound,19.6,294,2839,43.0,4.1
44,F,Close-Grip Bench Press,5,6,47,5,119,1586,6.2,Intermediate,Arms,Compound,32.0,178,2165,27.0,1.6
34,F,T-Bar Rows,4,8,59,4,123,1394,7.3,Advanced,Back,Compound,23.4,143,2157,19.5,3.3
25,M,Lunges,4,9,88,3,155,1912,6.5,Intermediate,Legs,Compound,16.2,63,2212,40.0,4.5
41,M,Chin-ups,3,11,49,4,163,2808,6.5,Beginner,Arms,Compound,15.9,146,3119,25.7,4.0
48,M,Barbell Bench Press,4,8,115,3,134,1896,8.5,Advanced,Chest,Compound,17.4,140,2598,25.7,4.6
37,M,Diamond Push-ups,5,6,87,4,174,2725,8.3,Intermediate,Arms,Compound,20.5,121,3111,31.8,3.9
34,F,Bicep Curls,3,10,52,5,127,1969,6.8,Intermediate,Arms,Isolation,25.2,215,2221,26.0,2.6
51,F,Pec Deck,4,10,26,3,104,1641,8.0,Intermediate,Chest,Isolation,25.8,228,2148,23.6,2.3
38,F,Cable Rows,3,13,50,3,123,1815,6.7,Intermediate,Back,Isolation,18.0,278,2072,18.9,3.8
25,M,Dumbbell Flyes,4,14,16,4,136,2436,9.0,Intermediate,Chest,Isolation,18.1,155,2921,42.7,4.4
47,M,Dumbbell Bench Press,3,9,113,5,171,2148,8.6,Intermediate,Chest,Compound,12.6,196,2764,39.1,5.0
18,F,Tricep Extensions,3,8,22,5,111,1469,7.8,Advanced,Arms,Isolation,22.7,101,1989,21.9,3.2
28,M,Leg Press,4,11,89,4,183,2434,7.6,Intermediate,Legs,Compound,19.2,292,3132,25.3,3.9
28,M,Chin-ups,5,11,67,4,156,2179,7.5,Intermediate,Arms,Compound,12.5,273,2749,27.3,4.8
53,F,Tricep Extensions,4,10,54,5,147,1363,9.0,Beginner,Arms,Isolation,27.9,275,2009,20.6,1.8
21,M,Deadlifts,5,7,63,4,192,2348,7.9,Beginner,Legs,Compound,21.2,163,2829,20.8,3.1
20,M,Overhead Press,4,7,89,5,167,1949,6.3,Beginner,Shoulders,Compound,22.2,148,2331,34.8,3.3
20,M,Deadlifts,3,7,91,5,144,2232,8.7,Intermediate,Legs,Compound,13.6,171,2501,40.8,4.9
40,M,Arnold Press,3,9,111,5,180,2011,6.3,Advanced,Shoulders,Compound,19.4,296,2402,48.6,4.3
54,M,Reverse Flyes,4,10,42,5,196,2157,6.7,Advanced,Back,Isolation,12.9,279,2801,30.4,5.0
26,M,Close-Grip Bench Press,5,11,79,3,120,1920,8.1,Advanced,Arms,Compound,13.9,229,2310,31.2,5.0
34,M,Incline Barbell Bench Press,3,6,77,3,197,2067,8.5,Advanced,Chest,Compound,14.1,169,2695,47.8,5.0
25,F,Lunges,4,10,97,3,124,1981,8.8,Advanced,Legs,Compound,24.4,277,2206,24.9,2.9
23,M,Lunges,5,8,102,5,154,2414,7.9,Intermediate,Legs,Compound,24.1,207,2950,28.3,2.9
49,F,Front Raises,4,11,27,4,113,1265,7.2,Beginner,Shoulders,Isolation,24.1,127,1927,15.8,2.4
33,F,Calf Raises,4,14,57,5,138,1244,8.5,Beginner,Legs,Isolation,20.4,130,2000,17.0,3.5
33,M,Deadlifts,5,11,84,5,125,1959,6.3,Advanced,Legs,Compound,20.8,152,2652,39.9,4.2
49,M,Pull-ups,5,8,50,5,123,1949,6.7,Intermediate,Back,Compound,15.6,270,2600,33.7,4.6
39,F,Arnold Press,5,6,99,5,132,1340,6.4,Intermediate,Shoulders,Compound,23.4,292,2069,17.0,2.6
27,M,Barbell Bench Press,5,6,113,4,177,2115,8.4,Intermediate,Chest,Compound,19.1,84,2689,27.7,4.2
51,M,Incline Barbell Bench Press,3,7,93,5,135,2090,6.0,Intermediate,Chest,Compound,24.3,286,2530,40.8,2.8
43,F,Barbell Rows,5,11,41,4,114,1811,8.7,Advanced,Back,Compound,21.5,170,2082,23.6,3.5
29,M,Bicep Curls,4,11,42,4,166,2785,6.9,Beginner,Arms,Isolation,16.1,210,3060,20.4,4.0
27,M,Diamond Push-ups,3,7,60,3,174,1742,6.4,Advanced,Arms,Compound,21.5,129,2226,46.8,3.8
19,M,Deadlifts,3,8,101,4,141,1854,6.9,Intermediate,Legs,Compound,12.5,290,2420,21.4,4.6
23,F,Pull-ups,5,11,114,3,103,1578,6.2,Advanced,Back,Compound,25.6,101,2077,20.5,2.6
48,F,Dumbbell Bench Press,5,10,71,4,109,1657,7.9,Advanced,Chest,Compound,27.2,275,1986,32.3,2.7
33,M,Pike Push-ups,4,7,51,5,194,2373,6.6,Beginner,Shoulders,Compound,15.6,106,2920,24.6,4.1
24,M,Barbell Rows,5,9,106,4,173,2479,6.0,Advanced,Back,Compound,13.6,143,2994,27.1,4.9
42,M,Dumbbell Bench Press,3,11,119,3,176,2066,8.1,Intermediate,Chest,Compound,16.2,86,2733,43.6,5.0
51,M,Pull-ups,3,7,87,5,185,1739,8.0,Intermediate,Back,Compound,13.6,223,2259,30.3,4.7
44,M,Squats,5,10,49,4,137,2718,8.6,Advanced,Legs,Compound,22.5,209,3045,35.9,3.3
53,F,Barbell Bench Press,4,11,106,5,144,1957,6.2,Advanced,Chest,Compound,31.9,256,2279,32.1,2.1
31,M,Lunges,5,9,56,3,163,2201,8.7,Beginner,Legs,Compound,23.7,146,2509,29.7,2.9
31,M,Arnold Press,5,10,74,3,148,1875,8.4,Beginner,Shoulders,Compound,16.6,154,2400,30.2,4.2
22,M,Rear Delt Flyes,4,10,43,4,135,2198,7.7,Intermediate,Shoulders,Isolation,16.1,252,2929,22.4,4.3
18,M,Pike Push-ups,3,8,115,3,192,2033,7.5,Intermediate,Shoulders,Compound,16.1,161,2475,37.1,4.5
30,M,Calf Raises,4,11,22,4,145,2559,6.8,Advanced,Legs,Isolation,18.4,196,3057,33.2,4.2
36,F,Pike Push-ups,5,11,82,5,105,1679,7.8,Advanced,Shoulders,Compound,18.9,124,2247,26.5,4.5
25,M,Leg Extensions,4,13,26,5,156,2517,8.2,Advanced,Legs,Isolation,20.3,267,2762,34.9,3.7
42,F,Incline Barbell Bench Press,5,9,93,3,144,1317,7.8,Intermediate,Chest,Compound,26.8,170,2014,29.5,2.3
42,M,Tricep Extensions,4,11,43,3,170,1721,7.2,Intermediate,Arms,Isolation,14.1,106,2278,32.6,4.9
40,M,Lat Pulldowns,3,7,91,3,172,2325,6.5,Advanced,Back,Compound,14.6,204,2712,28.1,5.0
43,M,Lunges,4,9,82,5,197,2167,7.2,Beginner,Legs,Compound,13.3,216,2743,23.3,4.3
48,M,Cable Crossovers,4,10,16,4,137,2714,6.8,Beginner,Chest,Isolation,21.8,258,3003,34.8,3.4
43,F,Pike Push-ups,4,10,69,3,109,1404,8.4,Beginner,Shoulders,Compound,18.6,153,1832,20.7,3.5
26,F,Lunges,5,10,83,4,102,1739,8.7,Beginner,Legs,Compound,25.9,295,2073,14.7,2.2
50,F,Close-Grip Bench Press,4,7,83,5,141,1709,7.3,Beginner,Arms,Compound,20.8,144,1933,17.3,3.1
33,F,Barbell Bench Press,4,10,108,4,131,1210,6.7,Beginner,Chest,Compound,18.2,98,1852,17.0,3.7
24,M,Pike Push-ups,4,10,58,5,127,2782,6.4,Beginner,Shoulders,Compound,14.6,191,3103,19.7,4.1
20,M,Close-Grip Bench Press,3,11,80,4,163,2407,7.0,Intermediate,Arms,Compound,23.4,267,2607,34.2,3.3
42,F,Dumbbell Bench Press,5,11,108,5,117,1435,7.1,Advanced,Chest,Compound,28.6,137,1824,32.3,2.3
45,M,Chin-ups,3,7,106,4,125,2472,6.3,Intermediate,Arms,Compound,17.4,232,3103,32.2,4.2
42,M,Leg Press,5,10,94,5,154,1838,8.1,Intermediate,Legs,Compound,19.6,73,2346,25.2,4.1
41,M,Pike Push-ups,5,6,58,5,168,2655,8.1,Intermediate,Shoulders,Compound,14.4,157,2891,44.5,5.0
33,M,Close-Grip Bench Press,4,9,94,5,145,2129,9.0,Intermediate,Arms,Compound,12.8,124,2413,34.2,4.9
40,M,Dumbbell Bench Press,5,8,84,4,166,1653,7.1,Intermediate,Chest,Compound,19.7,109,2287,28.9,3.7
44,M,Barbell Rows,3,6,59,3,136,2730,7.5,Intermediate,Back,Compound,22.4,84,2957,34.2,3.2
23,F,Reverse Flyes,3,10,47,5,148,1402,7.6,Intermediate,Back,Isolation,22.5,249,1945,16.4,3.0
42,M,Lat Pulldowns,5,6,55,4,192,2457,6.5,Advanced,Back,Compound,23.6,221,2698,41.3,3.2
35,M,Dumbbell Bench Press,5,7,49,4,137,2156,7.2,Intermediate,Chest,Compound,17.5,132,2955,34.7,4.5
21,M,Overhead Press,5,10,59,5,121,2133,6.1,Intermediate,Shoulders,Compound,24.1,168,2857,40.0,3.2
48,M,Squats,3,7,52,3,156,2194,8.7,Intermediate,Legs,Compound,12.7,132,2467,28.0,5.0
19,M,Leg Extensions,4,10,19,5,150,2301,7.0,Advanced,Legs,Isolation,22.4,242,2934,42.6,3.5
19,F,Arnold Press,5,11,103,3,146,1749,8.4,Intermediate,Shoulders,Compound,28.2,275,2266,24.5,2.3
32,F,Diamond Push-ups,3,6,55,5,107,1240,8.4,Advanced,Arms,Compound,20.6,101,2031,33.2,3.9
30,F,Cable Rows,4,8,31,4,110,1214,6.7,Advanced,Back,Isolation,30.8,185,1951,22.9,1.8
20,M,Rear Delt Flyes,3,14,23,3,148,2706,6.2,Beginner,Shoulders,Isolation,13.1,255,3096,24.9,4.7
20,M,Diamond Push-ups,5,7,72,4,156,2192,7.4,Beginner,Arms,Compound,18.2,235,2774,30.3,4.2
49,F,Calf Raises,3,11,38,5,113,1152,6.1,Advanced,Legs,Isolation,24.6,129,1849,25.2,2.8
53,M,Cable Rows,4,13,27,3,181,2467,7.1,Intermediate,Back,Isolation,23.2,180,2745,35.7,3.0
35,M,Overhead Press,3,11,95,4,180,2071,6.6,Advanced,Shoulders,Compound,18.6,75,2292,39.2,4.8
34,M,Dumbbell Flyes,3,11,30,5,156,2129,7.4,Beginner,Chest,Isolation,20.6,229,2816,34.6,3.3
26,M,Deadlifts,3,7,110,3,120,2679,6.9,Intermediate,Legs,Compound,22.7,184,3094,27.0,3.0
49,F,T-Bar Rows,3,10,95,4,136,1542,8.0,Intermediate,Back,Compound,30.8,229,1912,26.2,2.0
35,F,Rear Delt Flyes,4,14,54,4,100,2002,9.0,Beginner,Shoulders,Isolation,24.5,111,2269,21.3,2.7
46,F,Arnold Press,5,11,111,3,148,1305,7.6,Intermediate,Shoulders,Compound,23.6,258,2040,15.1,2.5
52,M,Arnold Press,3,11,57,5,136,1828,7.0,Intermediate,Shoulders,Compound,22.5,276,2321,44.4,3.7
39,F,Pull-ups,3,10,109,3,100,1702,8.2,Intermediate,Back,Compound,18.3,75,2120,19.9,3.8
43,M,Pec Deck,4,12,21,5,165,1710,8.3,Advanced,Chest,Isolation,23.8,75,2361,52.0,3.2
36,F,Incline Barbell Bench Press,5,10,97,4,117,1766,6.6,Beginner,Chest,Compound,29.6,82,2010,17.4,1.4
24,M,Lateral Raises,4,14,47,5,199,2472,7.4,Advanced,Shoulders,Isolation,21.1,94,3005,46.0,4.1
40,M,T-Bar Rows,5,6,40,3,171,1752,7.1,Intermediate,Back,Compound,21.7,130,2469,33.3,3.6
47,F,Pull-ups,3,11,66,3,149,1652,6.5,Intermediate,Back,Compound,20.8,95,2293,17.0,3.3
30,M,Dumbbell Flyes,3,10,52,3,159,2063,6.9,Intermediate,Chest,Isolation,21.0,204,2628,20.6,3.2
19,M,Incline Barbell Bench Press,4,8,60,4,148,2543,6.2,Intermediate,Chest,Compound,16.5,204,2894,40.3,4.5
37,F,Hammer Curls,3,11,23,3,126,1432,8.2,Intermediate,Arms,Isolation,28.6,239,1878,20.6,2.0
43,M,Reverse Flyes,3,11,47,3,182,2647,8.5,Advanced,Back,Isolation,18.4,158,2895,37.3,4.9
53,F,Leg Curls,3,8,24,4,115,1622,7.8,Intermediate,Legs,Isolation,29.3,290,2263,26.1,1.9
33,M,Dumbbell Flyes,4,14,17,3,194,2408,7.3,Intermediate,Chest,Isolation,13.5,89,3121,25.5,4.7
43,M,Pull-ups,4,7,112,5,196,1742,8.5,Advanced,Back,Compound,17.8,183,2278,31.6,4.7
37,F,Diamond Push-ups,4,9,45,3,135,1514,6.3,Intermediate,Arms,Compound,28.8,239,1991,26.0,2.3
47,M,Hammer Curls,3,14,19,5,183,1756,6.5,Beginner,Arms,Isolation,19.6,82,2342,27.1,3.9
26,M,Leg Extensions,4,9,38,3,133,2044,8.2,Beginner,Legs,Isolation,12.5,199,2746,20.2,4.4
51,M,Pike Push-ups,4,10,43,4,138,2185,8.3,Advanced,Shoulders,Compound,15.9,157,2396,27.6,4.5
28,M,Arnold Press,3,9,47,3,195,2621,8.0,Intermediate,Shoulders,Compound,18.9,241,3073,32.2,4.3
39,M,Incline Barbell Bench Press,4,11,100,4,193,2181,6.1,Intermediate,Chest,Compound,24.0,193,2755,43.3,3.2
41,M,Barbell Bench Press,5,7,95,3,195,2458,6.6,Intermediate,Chest,Compound,14.3,169,2955,28.4,5.0
49,F,Calf Raises,4,8,35,4,146,1901,6.1,Intermediate,Legs,Isolation,23.6,94,2329,26.9,3.1
35,M,Barbell Rows,5,7,97,4,152,1639,8.1,Intermediate,Back,Compound,16.8,127,2363,22.7,4.5
35,M,Incline Barbell Bench Press,3,6,47,4,124,1647,7.6,Intermediate,Chest,Compound,15.7,72,2256,38.9,4.7
20,F,Rear Delt Flyes,3,12,36,4,125,1794,7.0,Intermediate,Shoulders,Isolation,19.4,210,2081,22.7,4.0
26,M,Deadlifts,4,7,46,5,134,1678,6.6,Advanced,Legs,Compound,23.7,167,2454,43.5,3.5
54,F,Lunges,4,10,107,5,143,1652,6.9,Intermediate,Legs,Compound,24.2,156,2208,18.8,2.4
29,M,Cable Rows,3,9,59,4,194,2548,7.3,Intermediate,Back,Isolation,13.6,240,2789,35.5,4.9
25,F,Deadlifts,5,7,51,4,130,1323,7.2,Advanced,Legs,Compound,21.3,157,1803,18.6,3.6
20,M,Barbell Bench Press,4,9,80,5,169,2222,6.9,Advanced,Chest,Compound,19.1,139,2628,46.2,4.3
22,M,Pike Push-ups,4,7,78,4,181,2267,8.4,Intermediate,Shoulders,Compound,13.5,191,2760,36.6,5.0
26,M,Pike Push-ups,3,9,119,3,196,1828,7.4,Intermediate,Shoulders,Compound,13.7,251,2566,43.3,5.0
47,F,Diamond Push-ups,3,9,83,5,119,1639,8.5,Intermediate,Arms,Compound,30.1,75,2045,16.2,1.7
32,M,Diamond Push-ups,3,9,46,3,187,1921,8.8,Advanced,Arms,Compound,20.0,128,2627,43.5,4.1
49,M,Front Raises,3,8,42,3,197,2658,8.3,Beginner,Shoulders,Isolation,18.0,108,2942,33.8,3.9
22,M,Arnold Press,3,10,117,3,162,2068,6.8,Beginner,Shoulders,Compound,24.2,154,2645,24.3,2.8
18,F,Chin-ups,3,9,44,3,146,2073,6.8,Intermediate,Arms,Compound,18.8,187,2329,29.2,4.3
20,F,Leg Press,3,7,95,5,122,1770,7.0,Intermediate,Legs,Compound,28.2,264,2167,21.7,2.0
26,M,Cable Rows,3,10,16,5,138,2045,6.6,Advanced,Back,Isolation,13.2,269,2773,52.5,5.0
24,M,Lunges,3,6,107,5,133,2518,6.3,Intermediate,Legs,Compound,24.7,270,2863,24.2,2.7
34,F,Close-Grip Bench Press,5,11,66,5,111,1644,6.6,Advanced,Arms,Compound,30.5,168,2164,18.2,1.9
49,M,Front Raises,3,8,43,4,191,1949,8.2,Intermediate,Shoulders,Isolation,24.6,130,2627,31.1,2.8
26,F,Deadlifts,5,9,103,3,111,1818,7.6,Intermediate,Legs,Compound,31.4,209,2211,29.5,1.6
37,M,Incline Barbell Bench Press,3,9,89,4,131,1908,7.3,Beginner,Chest,Compound,13.8,281,2557,32.4,4.8
34,M,T-Bar Rows,3,7,90,4,163,2340,8.4,Intermediate,Back,Compound,19.9,160,2617,37.9,4.1
20,F,Leg Press,3,7,43,4,123,1302,6.8,Intermediate,Legs,Compound,19.0,270,2030,16.8,3.8
27,M,Overhead Press,3,11,74,5,159,1595,8.6,Intermediate,Shoulders,Compound,23.3,137,2255,23.5,2.6
23,M,Cable Crossovers,4,11,57,5,141,2107,6.4,Intermediate,Chest,Isolation,21.1,126,2673,21.5,3.2
29,F,Squats,4,6,96,4,144,1389,7.4,Intermediate,Legs,Compound,21.2,64,2135,29.8,3.5
24,M,Overhead Press,4,11,80,5,139,1975,6.2,Intermediate,Shoulders,Compound,17.8,267,2615,37.9,4.4
24,M,Cable Rows,3,11,43,3,171,1760,7.4,Intermediate,Back,Isolation,16.0,298,2248,24.1,4.3
35,M,Lat Pulldowns,4,6,55,4,154,1844,7.6,Beginner,Back,Compound,15.8,228,2557,24.7,4.2
22,M,Overhead Press,5,7,46,4,172,2372,7.2,Advanced,Shoulders,Compound,20.1,274,2758,48.8,4.4
32,M,Leg Press,4,8,103,3,130,2275,9.0,Intermediate,Legs,Compound,24.1,262,2571,34.3,3.1
38,M,Reverse Flyes,3,10,45,5,144,2854,7.3,Intermediate,Back,Isolation,13.2,254,3096,20.5,4.5
19,F,T-Bar Rows,3,7,115,4,148,1190,8.9,Advanced,Back,Compound,18.8,236,1884,26.3,4.6
22,M,Close-Grip Bench Press,4,8,55,3,156,2397,8.6,Intermediate,Arms,Compound,21.3,154,2855,36.6,3.9
33,M,T-Bar Rows,4,6,50,3,190,2143,6.3,Beginner,Back,Compound,22.7,174,2828,29.4,3.1
38,F,Barbell Bench Press,5,11,65,4,115,2018,6.6,Beginner,Chest,Compound,24.1,96,2301,22.1,2.3
40,M,Squats,3,8,116,4,170,2321,8.1,Beginner,Legs,Compound,13.4,280,2740,26.5,4.7
24,M,Dumbbell Flyes,3,9,56,3,186,2688,7.7,Intermediate,Chest,Isolation,16.0,129,2893,37.3,4.9
35,F,Close-Grip Bench Press,5,6,42,4,123,1439,6.1,Beginner,Arms,Compound,29.9,136,2130,21.0,1.4
27,F,Dumbbell Bench Press,5,6,50,3,103,1416,8.8,Intermediate,Chest,Compound,20.1,200,1914,28.7,4.0
35,F,Overhead Press,4,6,87,5,140,1147,6.7,Advanced,Shoulders,Compound,29.7,79,1801,19.0,2.0
53,M,Close-Grip Bench Press,4,8,104,3,170,2106,7.4,Intermediate,Arms,Compound,12.9,168,2839,31.7,4.8
53,M,Incline Barbell Bench Press,3,9,83,5,158,2274,6.1,Advanced,Chest,Compound,16.6,144,2758,48.6,4.9
48,M,Arnold Press,5,7,90,4,160,2544,8.6,Intermediate,Shoulders,Compound,14.4,141,2954,28.5,4.7
29,M,Face Pulls,3,8,19,3,128,1929,6.8,Intermediate,Back,Isolation,19.5,159,2561,22.0,4.1
46,M,Lunges,4,7,96,3,199,2097,8.0,Advanced,Legs,Compound,21.4,173,2371,31.7,3.7
35,F,Deadlifts,3,9,91,3,143,2022,8.4,Beginner,Legs,Compound,29.3,177,2319,12.1,1.8
26,M,Leg Curls,3,13,23,4,181,1871,7.9,Advanced,Legs,Isolation,14.8,84,2585,39.7,5.0
52,F,Tricep Extensions,3,13,19,4,143,1376,8.2,Intermediate,Arms,Isolation,18.8,230,1905,16.1,3.8
51,M,Squats,4,10,109,5,177,1704,7.8,Beginner,Legs,Compound,19.0,162,2387,23.2,4.0
35,M,Pike Push-ups,5,10,69,4,192,2710,8.6,Beginner,Shoulders,Compound,23.4,84,3024,16.3,2.7
28,F,Lat Pulldowns,4,7,68,5,132,1540,8.2,Beginner,Back,Compound,18.3,170,1968,12.1,4.0
24,M,Squats,4,10,67,3,142,2601,6.6,Intermediate,Legs,Compound,20.2,89,2818,25.9,3.9
30,F,Cable Crossovers,4,9,38,4,107,1579,6.7,Intermediate,Chest,Isolation,25.9,129,2224,22.3,2.6
23,M,Cable Rows,3,9,23,5,121,1826,8.1,Advanced,Back,Isolation,23.7,93,2251,43.1,3.2
20,M,Cable Crossovers,3,8,26,3,130,2714,8.2,Advanced,Chest,Isolation,15.7,256,3034,44.0,5.0
45,M,Lunges,5,11,50,5,165,2797,6.7,Advanced,Legs,Compound,16.3,202,3025,26.4,4.6
33,F,Lat Pulldowns,4,10,106,4,124,1630,6.1,Advanced,Back,Compound,22.7,126,2133,24.1,3.3
35,M,Lat Pulldowns,3,6,79,4,122,2680,8.4,Advanced,Back,Compound,17.2,253,2955,48.3,4.7
39,F,Pike Push-ups,3,11,85,3,127,1684,7.5,Beginner,Shoulders,Compound,20.6,180,1914,23.3,3.0
44,F,Calf Raises,3,13,34,4,101,2111,7.5,Intermediate,Legs,Isolation,18.2,126,2336,27.3,4.3
22,F,Tricep Extensions,4,14,27,3,119,1572,6.6,Intermediate,Arms,Isolation,31.5,163,2186,17.4,1.6
25,M,Calf Raises,3,13,46,4,166,2556,6.4,Intermediate,Legs,Isolation,15.4,274,2927,40.4,4.6
30,F,Squats,4,7,88,4,125,1663,6.4,Advanced,Legs,Compound,19.4,75,2315,30.5,4.2
43,F,Dumbbell Bench Press,3,8,97,4,118,1399,7.0,Advanced,Chest,Compound,25.1,269,1957,19.9,2.7
50,F,Cable Crossovers,3,12,48,3,123,1279,6.9,Intermediate,Chest,Isolation,24.9,277,2001,20.0,2.3
47,M,Close-Grip Bench Press,4,8,56,3,146,1730,8.2,Beginner,Arms,Compound,19.1,196,2333,22.5,3.9
20,M,Calf Raises,3,9,28,4,190,1639,7.0,Intermediate,Legs,Isolation,24.3,282,2381,38.1,2.9
49,M,Leg Press,3,8,71,4,137,2841,8.1,Intermediate,Legs,Compound,14.5,286,3077,22.0,4.9
37,F,Front Raises,3,14,50,4,118,1803,7.8,Intermediate,Shoulders,Isolation,19.5,230,2398,18.0,3.7
32,F,Chin-ups,4,8,114,4,107,1310,6.4,Beginner,Arms,Compound,26.7,77,1922,15.8,1.8
31,M,Diamond Push-ups,4,9,114,5,140,2622,9.0,Intermediate,Arms,Compound,19.5,107,2992,43.7,4.5
49,M,Dumbbell Bench Press,3,10,97,4,191,2622,6.8,Intermediate,Chest,Compound,18.4,140,3064,26.4,4.3
51,F,Lat Pulldowns,3,6,46,4,113,1328,6.7,Beginner,Back,Compound,26.0,219,1955,22.6,2.4
41,M,Reverse Flyes,3,13,38,3,163,1961,8.9,Beginner,Back,Isolation,20.4,291,2473,29.9,3.6
40,F,T-Bar Rows,4,7,63,4,144,1409,7.2,Intermediate,Back,Compound,28.7,278,1917,18.9,2.2
50,F,Pec Deck,3,11,53,4,113,2023,6.4,Beginner,Chest,Isolation,23.2,191,2275,16.4,2.3
42,M,Reverse Flyes,4,11,25,5,126,2016,6.3,Advanced,Back,Isolation,14.3,165,2670,40.6,5.0
26,F,Close-Grip Bench Press,5,8,113,5,118,1640,8.0,Intermediate,Arms,Compound,29.2,298,2123,17.5,2.1
27,M,T-Bar Rows,5,8,79,3,121,2012,6.2,Intermediate,Back,Compound,18.0,284,2578,24.8,4.4
25,M,Leg Press,3,8,72,4,151,1983,6.3,Intermediate,Legs,Compound,14.5,196,2751,41.1,4.8
52,F,Pike Push-ups,4,7,85,4,138,1373,7.9,Advanced,Shoulders,Compound,27.8,105,1807,35.9,2.6
54,M,Cable Crossovers,4,13,30,3,152,1565,6.6,Intermediate,Chest,Isolation,22.5,264,2208,33.1,3.3
38,M,Chin-ups,4,6,106,5,129,1835,8.9,Intermediate,Arms,Compound,16.7,249,2211,37.7,4.6
43,M,Lunges,5,10,91,5,187,2790,8.6,Beginner,Legs,Compound,21.9,280,3069,24.3,3.3
50,M,Arnold Press,4,7,112,3,196,1915,6.6,Advanced,Shoulders,Compound,12.1,148,2553,29.3,5.0
34,M,Dumbbell Flyes,3,14,22,4,144,2526,8.2,Intermediate,Chest,Isolation,22.4,168,3058,26.4,3.4
22,M,Front Raises,3,14,36,4,171,2103,8.1,Intermediate,Shoulders,Isolation,23.6,101,2591,36.1,3.1
44,M,Rear Delt Flyes,4,8,30,5,127,2210,7.2,Intermediate,Shoulders,Isolation,20.9,152,2575,41.4,4.0
43,M,Cable Rows,3,9,29,4,162,2518,6.2,Intermediate,Back,Isolation,13.6,289,2833,24.7,4.8
22,F,Overhead Press,3,9,109,5,122,1419,6.4,Advanced,Shoulders,Compound,26.3,267,1932,22.8,2.7
39,M,Face Pulls,4,8,45,5,163,2020,6.1,Advanced,Back,Isolation,19.7,181,2253,25.0,4.1
40,F,Chin-ups,3,8,49,5,117,2067,7.6,Beginner,Arms,Compound,23.7,246,2311,19.4,2.4
53,F,Cable Crossovers,4,12,31,4,120,1252,7.8,Intermediate,Chest,Isolation,29.2,141,2003,21.7,1.8
36,F,Overhead Press,3,9,49,5,148,1436,8.7,Beginner,Shoulders,Compound,24.9,114,1928,15.2,2.0
34,F,Dumbbell Bench Press,3,10,62,5,138,1485,8.3,Intermediate,Chest,Compound,29.8,199,2028,29.8,1.7
28,M,Dumbbell Bench Press,5,10,105,3,158,1427,8.7,Intermediate,Chest,Compound,21.5,208,2215,41.1,3.4
36,M,Lateral Raises,4,14,53,5,148,1967,8.1,Intermediate,Shoulders,Isolation,15.0,127,2525,41.5,4.8
54,M,Incline Barbell Bench Press,4,9,50,3,196,2109,6.9,Intermediate,Chest,Compound,21.1,254,2648,44.5,4.0
31,M,T-Bar Rows,3,6,41,5,124,2848,8.1,Intermediate,Back,Compound,15.7,264,3053,20.0,4.5
42,F,Incline Barbell Bench Press,3,9,47,5,118,1720,8.7,Intermediate,Chest,Compound,20.4,145,2272,21.8,3.2
35,M,Leg Extensions,4,10,44,5,182,2098,6.1,Intermediate,Legs,Isolation,15.7,231,2759,38.0,5.0
34,M,Incline Barbell Bench Press,4,8,109,5,142,2732,8.3,Intermediate,Chest,Compound,14.8,296,3086,43.6,4.8
18,M,Pull-ups,4,10,109,4,184,2423,8.9,Advanced,Back,Compound,16.8,245,2938,30.0,4.8
28,M,Dumbbell Flyes,4,8,45,5,129,1867,8.3,Advanced,Chest,Isolation,22.6,62,2452,37.1,3.6
23,F,Barbell Rows,4,7,110,5,140,1594,7.3,Intermediate,Back,Compound,30.6,143,2393,21.2,1.7
43,M,Dumbbell Flyes,4,12,37,3,187,1692,8.2,Beginner,Chest,Isolation,19.3,141,2287,30.6,4.1
50,M,Squats,4,7,105,4,184,2253,8.3,Advanced,Legs,Compound,22.8,222,2949,25.2,3.2
54,M,Pike Push-ups,4,11,115,5,151,2128,8.2,Intermediate,Shoulders,Compound,20.9,174,2753,27.4,3.4
19,M,Cable Rows,3,11,33,3,128,2347,7.3,Beginner,Back,Isolation,15.0,205,2651,16.1,4.4
26,M,Pec Deck,3,13,51,3,183,2123,7.0,Advanced,Chest,Isolation,18.1,248,2536,31.3,4.5
19,F,Close-Grip Bench Press,3,10,57,3,132,1206,6.3,Intermediate,Arms,Compound,31.1,87,1975,18.4,1.7
27,F,Cable Crossovers,4,8,37,5,122,1932,7.3,Intermediate,Chest,Isolation,31.9,164,2367,16.1,1.2
51,F,Squats,4,10,97,4,135,1244,7.0,Intermediate,Legs,Compound,20.2,107,1963,19.2,3.5
21,M,Lat Pulldowns,4,7,78,4,158,2492,7.5,Beginner,Back,Compound,15.7,191,2968,24.6,4.2
37,F,T-Bar Rows,4,9,104,3,104,1521,6.8,Advanced,Back,Compound,29.9,87,2312,32.5,2.5
34,M,Pike Push-ups,3,6,49,3,178,2175,6.2,Beginner,Shoulders,Compound,14.9,262,2916,18.2,4.5
26,M,Front Raises,4,9,48,5,141,2456,6.2,Beginner,Shoulders,Isolation,24.2,91,2785,26.7,2.4
29,F,Tricep Extensions,3,9,33,5,110,1467,8.9,Intermediate,Arms,Isolation,23.4,80,1965,27.8,3.0
27,F,Chin-ups,4,9,56,5,148,1632,7.9,Intermediate,Arms,Compound,29.7,217,2308,20.0,2.1
28,M,Pull-ups,5,10,105,4,192,1555,7.5,Beginner,Back,Compound,24.5,264,2343,34.2,2.9
49,M,Barbell Rows,3,6,113,5,129,1862,6.6,Advanced,Back,Compound,14.5,104,2331,37.0,5.0
52,M,Lat Pulldowns,4,7,97,4,144,2161,6.6,Intermediate,Back,Compound,24.1,279,2613,42.5,3.2
20,M,Arnold Press,3,9,76,5,154,2223,6.9,Beginner,Shoulders,Compound,22.4,262,2475,20.6,3.0
21,F,Pike Push-ups,3,10,112,3,147,1267,7.0,Intermediate,Shoulders,Compound,31.1,136,1876,21.2,1.6
36,M,T-Bar Rows,3,7,112,3,134,1790,6.9,Intermediate,Back,Compound,19.4,211,2341,21.2,3.7
30,F,Pike Push-ups,3,9,55,4,148,2001,7.1,Advanced,Shoulders,Compound,21.4,108,2263,32.2,3.7
50,F,Pec Deck,3,14,56,4,137,1415,7.6,Advanced,Chest,Isolation,23.9,134,1863,33.7,3.0
42,M,Cable Crossovers,3,9,37,3,180,1535,6.5,Beginner,Chest,Isolation,18.6,235,2254,29.4,4.2
32,M,Incline Barbell Bench Press,3,6,96,5,124,2388,8.1,Intermediate,Chest,Compound,23.7,179,3170,24.0,2.8
52,F,Pec Deck,4,9,37,5,115,2060,8.7,Beginner,Chest,Isolation,21.5,214,2268,20.1,2.9
34,M,Lunges,4,9,72,5,129,2284,7.8,Advanced,Legs,Compound,22.3,292,2839,52.8,3.7
28,F,Close-Grip Bench Press,3,8,103,3,149,1215,7.1,Intermediate,Arms,Compound,25.5,175,1925,21.7,2.6
31,M,Overhead Press,4,11,89,3,133,2129,7.2,Intermediate,Shoulders,Compound,18.9,148,2585,42.0,4.6
43,M,Arnold Press,5,7,111,5,133,2133,6.7,Intermediate,Shoulders,Compound,17.9,152,2779,35.8,4.2
49,F,Chin-ups,5,10,50,5,109,1318,9.0,Intermediate,Arms,Compound,21.6,132,1814,15.1,3.4
45,M,Deadlifts,5,6,109,3,163,2599,7.8,Beginner,Legs,Compound,16.2,79,3173,22.2,4.1
24,M,Leg Extensions,3,14,35,3,195,1663,6.0,Intermediate,Legs,Isolation,17.4,184,2255,42.0,4.6
39,F,Incline Barbell Bench Press,5,7,110,4,105,2154,6.5,Intermediate,Chest,Compound,19.0,91,2383,22.2,3.7
26,F,Leg Extensions,4,8,49,5,105,1186,7.3,Advanced,Legs,Isolation,27.2,156,1895,31.9,2.5
36,M,Pike Push-ups,4,9,112,3,157,1930,8.6,Advanced,Shoulders,Compound,15.5,184,2667,50.7,5.0
26,M,Barbell Rows,5,9,90,5,143,1611,8.9,Intermediate,Back,Compound,21.8,297,2348,23.3,3.4
53,M,Squats,5,8,41,3,168,1990,6.3,Intermediate,Legs,Compound,22.1,205,2288,30.2,3.3
20,M,Reverse Flyes,4,14,24,4,168,2165,6.9,Beginner,Back,Isolation,24.1,64,2533,31.3,2.5
24,F,Deadlifts,3,9,66,5,116,1681,6.0,Intermediate,Legs,Compound,30.6,106,2124,29.2,2.1
30,M,Barbell Bench Press,4,7,82,3,129,2532,8.7,Intermediate,Chest,Compound,24.6,215,3060,42.4,3.0
20,M,Diamond Push-ups,3,11,78,5,145,2142,8.4,Beginner,Arms,Compound,24.6,216,2406,31.1,2.6
39,M,Cable Rows,3,10,25,4,189,2180,7.0,Intermediate,Back,Isolation,24.8,90,2584,26.4,2.4
44,M,Diamond Push-ups,4,7,69,3,132,1803,9.0,Intermediate,Arms,Compound,16.2,92,2259,28.9,4.6
43,M,Barbell Bench Press,5,6,51,3,125,2279,7.5,Advanced,Chest,Compound,22.7,219,2927,39.8,3.6
20,M,Barbell Bench Press,3,6,115,4,162,2586,7.4,Intermediate,Chest,Compound,20.3,268,2842,29.1,3.4
32,F,Pull-ups,3,11,115,3,124,1506,8.1,Intermediate,Back,Compound,27.4,153,2181,15.1,2.3
39,M,Dumbbell Bench Press,3,10,85,3,199,1985,7.6,Advanced,Chest,Compound,19.5,171,2657,29.7,4.3
34,M,Front Raises,3,13,49,3,138,2800,6.5,Intermediate,Shoulders,Isolation,18.1,213,3121,31.4,4.1
45,M,Squats,5,10,119,5,191,1575,7.3,Intermediate,Legs,Compound,18.2,264,2201,41.2,4.2
41,M,Deadlifts,4,10,41,4,194,1699,6.3,Intermediate,Legs,Compound,13.2,139,2441,34.7,4.7
24,M,Hammer Curls,3,10,40,4,168,2057,7.9,Beginner,Arms,Isolation,19.0,71,2818,32.2,4.0
22,M,Incline Barbell Bench Press,5,10,115,3,140,2481,7.6,Intermediate,Chest,Compound,16.3,239,2732,32.4,4.4
49,F,Squats,5,6,106,4,122,1655,7.4,Beginner,Legs,Compound,23.5,245,1983,20.3,2.5
18,F,Leg Extensions,4,8,28,4,121,1841,8.1,Intermediate,Legs,Isolation,21.9,144,2216,18.4,3.3
21,M,Pike Push-ups,3,10,99,5,180,1947,6.8,Beginner,Shoulders,Compound,17.7,236,2648,26.7,4.3
31,F,Overhead Press,3,10,108,4,130,1568,7.2,Intermediate,Shoulders,Compound,29.7,264,1879,28.0,2.2
41,M,Reverse Flyes,3,12,46,3,188,2617,7.8,Advanced,Back,Isolation,16.5,247,2936,37.4,5.0
39,M,Squats,3,9,111,5,123,2827,6.4,Beginner,Legs,Compound,14.8,285,3147,21.4,4.2
18,M,Close-Grip Bench Press,5,7,101,5,161,2488,8.2,Intermediate,Arms,Compound,24.1,132,2699,35.2,2.7
43,M,Rear Delt Flyes,4,8,27,4,140,2508,7.4,Intermediate,Shoulders,Isolation,16.6,251,2910,38.2,4.8
37,F,Arnold Press,3,7,109,3,137,1339,7.8,Advanced,Shoulders,Compound,30.2,146,1888,23.3,2.3
43,M,Barbell Bench Press,4,7,76,5,150,2420,8.7,Advanced,Chest,Compound,15.3,147,3000,39.9,5.0
39,M,Close-Grip Bench Press,5,8,91,3,138,2218,6.0,Advanced,Arms,Compound,21.2,260,2695,42.7,4.1
25,M,Pec Deck,4,9,32,3,173,1894,7.1,Advanced,Chest,Isolation,17.8,84,2538,42.3,4.9
36,M,Pec Deck,4,14,52,3,197,2210,6.5,Intermediate,Chest,Isolation,16.2,148,2846,42.6,5.0
39,M,Overhead Press,3,8,72,3,169,1774,8.7,Intermediate,Shoulders,Compound,21.7,292,2413,28.0,3.3
46,F,Front Raises,3,14,44,4,122,1271,8.7,Intermediate,Shoulders,Isolation,22.6,136,2036,24.0,3.0
51,M,Chin-ups,4,10,82,3,178,2183,6.6,Intermediate,Arms,Compound,20.3,176,2847,38.9,3.9
24,F,Barbell Bench Press,4,7,55,3,112,1730,6.5,Advanced,Chest,Compound,22.4,106,2006,23.4,3.5
35,M,Lunges,5,8,110,5,186,1473,8.3,Intermediate,Legs,Compound,24.5,134,2214,38.7,2.8
18,M,Lateral Raises,3,10,59,4,155,2239,6.8,Advanced,Shoulders,Isolation,23.5,220,2919,28.2,3.0
31,M,Diamond Push-ups,5,6,92,3,179,2553,6.4,Intermediate,Arms,Compound,12.4,129,2917,21.2,5.0
30,M,Leg Extensions,4,14,25,3,170,2076,8.4,Intermediate,Legs,Isolation,13.4,145,2382,24.4,4.6
25,M,Pull-ups,4,9,95,4,170,1789,7.8,Intermediate,Back,Compound,19.3,84,2422,41.9,4.0
19,F,Chin-ups,3,11,100,4,117,1078,7.8,Beginner,Arms,Compound,29.4,259,1869,17.3,1.7
24,M,Leg Curls,4,12,49,5,190,2573,8.8,Intermediate,Legs,Isolation,13.3,257,2913,29.5,4.6
42,M,Squats,5,8,99,3,122,1952,6.6,Intermediate,Legs,Compound,17.2,87,2459,27.3,4.6
40,M,Squats,3,9,69,4,146,1667,7.2,Beginner,Legs,Compound,24.8,174,2243,18.5,2.1
50,M,Leg Press,4,6,78,5,173,2629,8.6,Intermediate,Legs,Compound,20.1,135,3073,34.7,4.1
21,M,Squats,5,10,101,3,197,2064,6.7,Intermediate,Legs,Compound,14.7,72,2581,30.3,4.5
19,M,Pull-ups,3,11,81,3,134,2843,6.9,Advanced,Back,Compound,23.3,294,3102,30.9,3.1
30,M,Pull-ups,3,11,71,4,137,2425,6.0,Advanced,Back,Compound,15.8,67,3081,36.3,5.0
24,F,T-Bar Rows,3,9,45,4,110,1152,7.6,Advanced,Back,Compound,25.6,151,1825,27.6,2.8
30,F,Dumbbell Bench Press,5,9,84,4,127,1788,8.1,Intermediate,Chest,Compound,22.4,196,2346,20.9,3.0
38,F,Squats,5,10,119,3,122,1800,8.4,Intermediate,Legs,Compound,21.8,243,2302,18.3,3.1
20,M,Lat Pulldowns,3,9,110,5,139,2365,6.9,Intermediate,Back,Compound,22.0,126,2615,35.2,3.6
44,M,Calf Raises,4,8,33,5,148,1760,7.1,Beginner,Legs,Isolation,21.5,267,2404,17.9,2.7
27,M,Deadlifts,4,8,68,4,138,2213,8.1,Intermediate,Legs,Compound,23.8,97,2875,23.6,3.1
33,M,Diamond Push-ups,3,9,44,5,149,2448,7.3,Advanced,Arms,Compound,12.5,213,3188,28.5,5.0
47,M,Squats,3,6,116,5,188,2217,8.3,Beginner,Legs,Compound,18.7,214,2637,34.1,3.9
37,M,Deadlifts,4,10,115,5,169,2320,6.8,Intermediate,Legs,Compound,15.9,139,2713,41.0,4.7
40,F,Leg Curls,3,11,34,3,123,1609,8.0,Beginner,Legs,Isolation,27.6,200,2313,20.6,1.9
25,M,Pull-ups,4,10,91,5,153,2881,8.3,Intermediate,Back,Compound,23.6,130,3141,31.4,3.2
35,M,Pike Push-ups,4,7,66,5,184,2465,8.8,Advanced,Shoulders,Compound,23.1,85,2856,50.2,3.7
50,M,Pike Push-ups,3,6,71,5,182,2011,7.1,Advanced,Shoulders,Compound,23.3,195,2211,24.9,3.0
42,M,Lateral Raises,4,10,21,3,136,2188,7.7,Advanced,Shoulders,Isolation,17.6,157,2727,27.7,4.3
50,F,Face Pulls,3,9,43,3,116,1842,8.2,Intermediate,Back,Isolation,21.5,260,2306,27.5,3.5
50,M,Deadlifts,3,11,65,5,122,2270,6.6,Advanced,Legs,Compound,15.1,250,2543,30.9,5.0
43,F,T-Bar Rows,4,7,89,4,142,2086,8.0,Intermediate,Back,Compound,29.2,81,2327,15.7,1.7
19,F,Cable Rows,3,14,55,3,144,1953,6.1,Intermediate,Back,Isolation,25.4,157,2213,17.6,2.6
19,M,Overhead Press,3,11,66,4,180,1901,6.1,Intermediate,Shoulders,Compound,13.7,121,2407,39.8,5.0
23,M,Pike Push-ups,5,9,113,4,189,2761,8.0,Advanced,Shoulders,Compound,15.3,118,3131,33.6,5.0
51,M,Overhead Press,5,6,107,4,138,2274,6.6,Advanced,Shoulders,Compound,13.2,294,2481,52.1,5.0
42,F,Barbell Rows,5,6,100,4,130,1294,6.4,Intermediate,Back,Compound,21.1,109,1809,15.0,3.1
43,M,Pike Push-ups,5,6,57,3,193,2179,6.8,Intermediate,Shoulders,Compound,15.8,251,2724,36.9,5.0
42,M,Leg Curls,4,11,40,5,131,2080,8.8,Beginner,Legs,Isolation,21.9,241,2577,19.5,2.7
52,M,Pike Push-ups,3,6,71,3,188,1613,7.9,Beginner,Shoulders,Compound,24.7,77,2258,27.6,2.2
41,F,Leg Press,5,9,67,4,135,1690,6.3,Intermediate,Legs,Compound,23.0,76,2043,25.3,3.3
25,F,Chin-ups,5,9,59,3,140,1577,6.2,Beginner,Arms,Compound,28.6,181,2103,14.2,1.4
24,M,Barbell Bench Press,4,10,48,5,138,2157,8.5,Advanced,Chest,Compound,14.1,263,2855,43.5,5.0
30,F,Lunges,4,8,79,4,140,1641,7.5,Intermediate,Legs,Compound,29.0,145,1977,21.6,1.8
29,M,Arnold Press,5,7,65,3,137,2503,7.2,Advanced,Shoulders,Compound,21.9,146,3025,53.8,3.8
42,F,Incline Barbell Bench Press,3,8,92,3,138,1066,6.5,Advanced,Chest,Compound,19.8,128,1839,26.9,4.3
21,F,Overhead Press,5,7,72,5,146,1860,8.6,Intermediate,Shoulders,Compound,29.0,221,2167,21.9,2.0
31,F,Overhead Press,3,11,98,3,124,1224,6.7,Advanced,Shoulders,Compound,28.7,193,1823,26.8,2.4
21,F,Pike Push-ups,4,6,118,4,149,1541,6.9,Intermediate,Shoulders,Compound,26.7,198,1898,26.8,2.2
52,M,Hammer Curls,4,13,58,3,170,2043,7.8,Intermediate,Arms,Isolation,19.6,193,2480,28.1,4.3
36,F,Pike Push-ups,3,10,93,4,144,1594,7.6,Advanced,Shoulders,Compound,26.3,290,2174,30.7,2.9
23,M,Dumbbell Bench Press,5,8,99,4,127,2100,8.2,Intermediate,Chest,Compound,16.9,283,2507,32.7,4.5
31,M,Overhead Press,3,10,93,5,127,2540,8.6,Advanced,Shoulders,Compound,22.2,275,3148,36.6,3.6
20,M,Overhead Press,3,7,100,4,165,2595,8.6,Advanced,Shoulders,Compound,12.9,201,2936,44.1,5.0
35,M,Pec Deck,3,9,49,3,127,2179,8.9,Beginner,Chest,Isolation,17.7,282,2855,29.9,4.3
31,F,Overhead Press,4,9,59,3,128,1554,8.0,Intermediate,Shoulders,Compound,25.3,290,2031,21.6,2.8
39,M,Front Raises,4,12,55,4,195,2214,8.4,Beginner,Shoulders,Isolation,16.1,291,2577,24.4,4.5
46,F,Barbell Bench Press,5,9,90,5,115,1449,6.5,Intermediate,Chest,Compound,24.0,246,1894,20.0,2.9
34,M,Lat Pulldowns,4,10,87,3,140,1958,7.4,Advanced,Back,Compound,14.4,128,2256,32.6,4.8
29,M,Barbell Bench Press,5,10,64,5,154,2100,8.4,Beginner,Chest,Compound,19.0,244,2854,24.5,3.6
45,M,Chin-ups,5,9,77,5,142,2546,6.3,Advanced,Arms,Compound,23.4,299,3141,38.1,3.6
38,M,Bicep Curls,3,12,23,3,171,2526,7.6,Advanced,Arms,Isolation,16.6,229,2768,40.9,4.9
22,M,Chin-ups,5,7,60,4,188,1906,6.2,Intermediate,Arms,Compound,17.0,85,2498,29.8,4.2
20,F,Cable Rows,3,14,17,5,102,1752,7.8,Intermediate,Back,Isolation,24.6,104,2211,22.0,2.8
28,M,T-Bar Rows,5,11,49,3,141,1921,6.2,Intermediate,Back,Compound,20.5,243,2519,33.0,3.8
37,M,Arnold Press,4,8,68,5,120,2626,6.5,Intermediate,Shoulders,Compound,19.4,244,2885,30.6,4.4
35,M,Arnold Press,4,10,72,4,154,2000,8.4,Intermediate,Shoulders,Compound,23.2,197,2327,26.9,3.0
28,M,Squats,4,10,87,5,179,1751,6.6,Advanced,Legs,Compound,15.6,198,2200,36.8,5.0
31,M,Barbell Rows,4,8,45,5,172,1944,7.7,Intermediate,Back,Compound,23.7,69,2386,32.0,2.7
46,M,Lat Pulldowns,4,8,46,5,150,2390,7.8,Intermediate,Back,Compound,24.3,140,3175,40.3,3.1
54,F,Dumbbell Bench Press,4,11,78,4,143,1657,8.4,Advanced,Chest,Compound,30.3,189,2152,35.8,1.9
27,M,Close-Grip Bench Press,4,11,96,3,156,1879,8.0,Intermediate,Arms,Compound,23.9,166,2413,21.6,2.9
51,M,Lateral Raises,4,12,42,3,155,2082,8.6,Advanced,Shoulders,Isolation,21.7,71,2567,49.0,3.9
41,M,Diamond Push-ups,4,9,41,3,127,2030,7.8,Intermediate,Arms,Compound,21.7,279,2242,24.4,3.1
32,M,Overhead Press,5,8,41,3,197,2676,8.9,Intermediate,Shoulders,Compound,13.9,261,3159,32.6,4.7
42,M,Dumbbell Bench Press,4,10,40,3,165,2542,6.8,Advanced,Chest,Compound,22.5,290,2788,27.4,3.4
39,M,Incline Barbell Bench Press,5,7,91,4,148,2546,7.4,Advanced,Chest,Compound,24.7,82,2764,27.8,2.9
52,M,Face Pulls,4,14,32,3,163,1826,7.0,Beginner,Back,Isolation,24.5,162,2257,22.8,2.8
25,F,Diamond Push-ups,5,8,117,4,132,1227,8.1,Intermediate,Arms,Compound,18.6,170,1971,26.5,4.0
49,M,Pull-ups,3,10,109,3,170,1977,8.0,Intermediate,Back,Compound,15.9,225,2508,35.7,4.7
30,M,Barbell Rows,3,7,57,3,161,2277,7.3,Advanced,Back,Compound,19.5,208,2730,25.5,3.9
39,M,Lunges,4,6,110,5,145,2716,7.8,Beginner,Legs,Compound,17.7,105,2961,34.4,4.3
38,M,Front Raises,4,12,53,5,178,1935,8.4,Intermediate,Shoulders,Isolation,16.6,106,2449,36.2,4.5
30,F,Chin-ups,4,9,54,4,126,1450,7.5,Advanced,Arms,Compound,30.8,290,2217,34.9,2.2
25,M,Lunges,4,8,87,5,149,1793,7.9,Beginner,Legs,Compound,16.7,100,2277,34.9,4.1
19,M,Barbell Bench Press,3,8,83,3,178,1802,8.0,Beginner,Chest,Compound,12.3,225,2294,32.1,5.0
40,M,Deadlifts,4,11,89,4,159,1660,7.2,Advanced,Legs,Compound,13.4,93,2379,34.7,5.0
53,M,Front Raises,3,11,34,3,181,2121,6.0,Advanced,Shoulders,Isolation,15.9,66,2663,51.9,5.0
21,M,Diamond Push-ups,3,8,92,3,128,2105,7.7,Intermediate,Arms,Compound,16.4,166,2800,25.4,4.4
21,M,Incline Barbell Bench Press,3,9,84,5,199,1615,7.7,Intermediate,Chest,Compound,17.6,71,2400,22.0,4.3
31,F,Squats,5,9,55,5,112,1588,8.8,Intermediate,Legs,Compound,24.4,224,1967,22.7,2.4
29,F,Barbell Bench Press,5,10,72,4,118,1360,6.8,Intermediate,Chest,Compound,22.8,214,1944,24.5,3.2
23,F,Pike Push-ups,4,8,96,4,137,1734,9.0,Beginner,Shoulders,Compound,21.8,258,1995,19.9,2.9
43,M,Barbell Rows,4,10,51,4,149,2569,7.3,Intermediate,Back,Compound,18.8,77,3032,20.5,3.8
26,M,Reverse Flyes,3,9,28,5,137,2248,6.7,Intermediate,Back,Isolation,24.4,146,2854,34.3,3.0
32,F,Pull-ups,5,8,48,5,116,1415,7.5,Advanced,Back,Compound,25.1,230,2089,25.1,2.8
41,F,Cable Crossovers,4,12,49,3,144,1514,7.9,Advanced,Chest,Isolation,28.1,177,2102,31.7,2.8
49,M,Reverse Flyes,3,8,37,4,153,2332,7.6,Intermediate,Back,Isolation,13.3,154,2651,20.9,4.6
40,M,Lunges,5,7,51,5,186,2622,7.9,Intermediate,Legs,Compound,22.5,147,3142,23.6,3.1
36,M,Dumbbell Flyes,4,12,25,4,178,1801,8.9,Intermediate,Chest,Isolation,17.2,76,2567,26.3,4.3
40,M,Reverse Flyes,4,11,24,4,188,2504,6.5,Intermediate,Back,Isolation,22.3,161,3073,34.7,3.3
48,M,T-Bar Rows,3,9,84,5,161,2078,7.8,Beginner,Back,Compound,22.2,108,2836,32.7,3.0
51,F,Chin-ups,3,8,111,3,135,1941,6.1,Intermediate,Arms,Compound,23.2,294,2164,26.5,3.1
37,M,Pike Push-ups,3,11,65,3,153,2634,9.0,Intermediate,Shoulders,Compound,19.3,72,3151,39.9,4.0
30,F,Face Pulls,4,10,26,4,147,1450,8.8,Advanced,Back,Isolation,25.8,258,2235,26.5,2.5
31,F,Arnold Press,3,7,72,3,131,1496,7.0,Beginner,Shoulders,Compound,27.6,83,2154,18.0,1.9
23,F,Incline Barbell Bench Press,5,8,82,5,111,1773,7.4,Beginner,Chest,Compound,26.2,62,2381,13.1,2.1
40,M,Pike Push-ups,3,9,52,4,166,1821,6.4,Advanced,Shoulders,Compound,12.2,297,2234,35.0,5.0
54,M,Chin-ups,5,7,77,5,134,2280,7.0,Intermediate,Arms,Compound,20.2,179,2738,21.1,3.7
36,M,Lat Pulldowns,5,11,95,3,167,1884,6.8,Intermediate,Back,Compound,15.8,223,2331,23.7,4.2
46,M,Cable Crossovers,4,11,56,5,132,2566,7.4,Advanced,Chest,Isolation,24.2,220,2939,48.5,3.4
32,M,Close-Grip Bench Press,5,10,66,5,181,2488,8.3,Intermediate,Arms,Compound,19.0,125,2783,20.4,4.1
34,M,Barbell Bench Press,5,6,47,5,146,2850,8.7,Intermediate,Chest,Compound,21.3,125,3140,28.7,3.7
20,M,Barbell Bench Press,3,10,44,3,179,2747,7.8,Advanced,Chest,Compound,14.7,129,3063,46.7,5.0
21,M,Overhead Press,3,10,55,5,194,2150,6.7,Advanced,Shoulders,Compound,17.0,114,2567,38.2,4.6
45,F,Lat Pulldowns,5,8,64,4,118,1702,7.6,Intermediate,Back,Compound,20.5,201,2335,23.8,3.3
49,M,Chin-ups,5,8,102,3,146,1612,8.1,Intermediate,Arms,Compound,13.0,258,2314,41.6,5.0
24,F,Leg Press,5,6,66,4,123,1940,7.2,Intermediate,Legs,Compound,25.7,62,2315,21.9,2.3
45,M,Barbell Bench Press,5,11,115,3,176,2290,8.3,Intermediate,Chest,Compound,13.2,293,2509,20.3,4.6
46,M,Deadlifts,5,6,52,4,179,1454,7.9,Advanced,Legs,Compound,22.8,299,2224,28.2,3.3
51,M,Incline Barbell Bench Press,3,9,87,4,167,2838,6.5,Advanced,Chest,Compound,20.6,221,3149,34.6,4.0
40,F,Pull-ups,3,9,47,4,115,1659,7.1,Beginner,Back,Compound,25.9,119,1949,19.2,2.3
48,F,Lunges,4,9,48,4,103,1576,7.5,Intermediate,Legs,Compound,27.6,82,2100,20.1,2.0
54,M,Calf Raises,3,8,32,3,166,2226,6.5,Advanced,Legs,Isolation,23.9,132,2577,30.2,3.3
52,M,Leg Press,5,10,84,4,188,1787,7.5,Beginner,Legs,Compound,17.6,189,2419,16.1,3.6
38,M,Incline Barbell Bench Press,5,11,89,3,186,2537,6.4,Beginner,Chest,Compound,24.7,141,2813,35.0,2.8
34,M,Diamond Push-ups,5,8,92,4,196,2656,8.9,Intermediate,Arms,Compound,15.6,61,3059,36.1,5.0
51,M,Barbell Bench Press,4,6,87,5,155,1741,6.9,Advanced,Chest,Compound,23.0,279,2420,34.9,3.4
35,M,Hammer Curls,3,10,41,4,149,2564,7.9,Intermediate,Arms,Isolation,17.9,152,3145,30.4,4.4
37,M,Barbell Bench Press,4,11,72,4,159,2281,8.5,Intermediate,Chest,Compound,22.8,173,2673,34.7,3.5
19,M,Dumbbell Bench Press,4,11,119,4,160,2664,6.4,Intermediate,Chest,Compound,21.3,77,3034,28.8,3.4
41,M,Pull-ups,4,6,69,4,181,2285,6.6,Intermediate,Back,Compound,20.6,135,2860,39.2,3.5
41,M,Pull-ups,4,7,47,3,147,1670,6.3,Beginner,Back,Compound,22.1,252,2244,29.1,3.3
54,M,Leg Press,3,10,42,5,133,2450,6.1,Advanced,Legs,Compound,14.5,232,2986,45.7,5.0
54,M,Leg Curls,4,10,54,4,143,2587,7.5,Intermediate,Legs,Isolation,15.6,261,3130,42.8,4.6
40,M,Leg Press,3,9,87,4,143,2800,8.8,Intermediate,Legs,Compound,18.9,98,3174,39.6,4.4
19,M,Dumbbell Flyes,4,10,47,4,189,2010,7.2,Intermediate,Chest,Isolation,16.7,85,2804,41.8,4.7
53,M,Barbell Rows,3,9,53,3,197,1828,7.1,Advanced,Back,Compound,18.6,149,2202,26.1,4.2
52,M,Front Raises,3,8,54,5,126,2044,7.5,Intermediate,Shoulders,Isolation,17.5,179,2616,41.2,4.7
31,M,Deadlifts,3,6,97,3,125,1871,6.8,Beginner,Legs,Compound,16.6,159,2377,25.0,4.3
31,M,Leg Curls,4,13,30,5,182,1555,8.3,Intermediate,Legs,Isolation,15.4,193,2202,39.5,4.8
33,M,Diamond Push-ups,3,10,119,5,183,2116,8.0,Beginner,Arms,Compound,20.3,186,2497,22.2,3.0
24,F,Pike Push-ups,4,11,40,3,108,1671,6.0,Intermediate,Shoulders,Compound,28.9,196,2071,20.1,2.2
32,F,Chin-ups,3,8,73,3,106,1332,7.5,Intermediate,Arms,Compound,28.7,201,1946,24.5,2.4
53,M,Close-Grip Bench Press,3,8,111,3,128,1933,7.6,Intermediate,Arms,Compound,24.2,125,2472,37.4,2.8
26,M,Rear Delt Flyes,3,13,38,4,187,2260,6.9,Intermediate,Shoulders,Isolation,20.4,194,2661,43.1,4.0
21,M,Overhead Press,5,9,64,5,123,1862,7.9,Intermediate,Shoulders,Compound,12.4,152,2289,36.5,5.0
33,F,Cable Crossovers,4,14,53,3,141,1839,6.4,Advanced,Chest,Isolation,26.0,297,2316,33.9,2.6
33,M,T-Bar Rows,3,9,99,3,174,2302,8.7,Advanced,Back,Compound,23.2,213,2572,48.3,3.3
24,F,Squats,3,6,72,3,125,1462,8.2,Advanced,Legs,Compound,24.8,96,2043,33.6,3.0
25,M,Incline Barbell Bench Press,4,9,116,5,177,1822,8.2,Intermediate,Chest,Compound,14.7,253,2480,39.2,5.0
51,M,Calf Raises,3,14,26,4,137,2541,8.2,Advanced,Legs,Isolation,21.3,139,3151,30.5,3.9
30,F,Chin-ups,5,9,96,4,115,1573,7.1,Intermediate,Arms,Compound,18.6,82,2368,27.5,4.4
25,M,Dumbbell Bench Press,4,10,79,3,176,2067,6.7,Intermediate,Chest,Compound,13.6,75,2452,43.5,5.0
18,F,Lat Pulldowns,5,7,69,3,115,2118,8.5,Advanced,Back,Compound,19.4,137,2356,32.8,4.6
46,M,Deadlifts,4,7,65,5,145,1671,7.0,Advanced,Legs,Compound,13.2,181,2246,26.4,5.0
40,M,T-Bar Rows,3,10,105,3,188,2867,7.7,Intermediate,Back,Compound,19.4,118,3141,34.7,4.4
54,F,Pike Push-ups,4,6,58,4,146,1522,8.0,Intermediate,Shoulders,Compound,23.5,251,2215,20.8,3.0
52,M,Barbell Bench Press,4,6,100,5,155,2146,8.7,Intermediate,Chest,Compound,13.6,214,2382,40.5,5.0
48,M,Dumbbell Flyes,4,13,48,5,130,2679,6.0,Advanced,Chest,Isolation,12.7,97,2998,35.1,5.0
47,M,Pull-ups,3,10,115,5,146,2186,6.6,Advanced,Back,Compound,19.7,128,2605,52.1,4.4
47,F,Lat Pulldowns,5,11,111,3,138,1712,9.0,Intermediate,Back,Compound,18.2,139,2218,29.9,4.5
22,M,Cable Rows,3,9,22,5,164,2447,8.0,Intermediate,Back,Isolation,16.4,72,2918,23.4,4.5
52,F,Hammer Curls,3,11,48,5,102,1638,8.7,Advanced,Arms,Isolation,26.9,139,2062,32.5,2.7
32,F,Dumbbell Bench Press,4,6,119,5,143,1605,8.5,Advanced,Chest,Compound,18.2,156,2087,25.5,4.3
34,M,Deadlifts,4,9,91,5,154,1526,7.9,Intermediate,Legs,Compound,19.9,105,2304,33.3,3.9
36,M,Incline Barbell Bench Press,5,10,79,5,199,2151,6.2,Beginner,Chest,Compound,15.3,72,2713,28.5,4.2
19,F,Barbell Bench Press,3,11,85,5,125,1681,8.7,Intermediate,Chest,Compound,31.9,256,2318,25.2,1.6
46,M,Chin-ups,5,10,77,3,135,2365,8.7,Advanced,Arms,Compound,23.1,158,3111,50.6,3.6
35,M,Chin-ups,4,6,105,5,192,2508,6.7,Intermediate,Arms,Compound,13.6,266,3168,42.9,5.0
32,F,Arnold Press,3,11,78,5,135,1552,7.3,Intermediate,Shoulders,Compound,28.2,72,1846,24.4,2.2
18,M,Calf Raises,3,14,57,5,170,2254,7.3,Advanced,Legs,Isolation,24.1,228,2815,30.8,3.3
33,M,Face Pulls,3,12,52,3,152,2200,6.3,Beginner,Back,Isolation,24.7,82,2940,28.6,2.4
54,F,Incline Barbell Bench Press,3,6,59,3,107,1718,7.4,Intermediate,Chest,Compound,25.6,193,2092,15.3,2.6
36,M,Pull-ups,5,9,58,4,150,2656,6.5,Intermediate,Back,Compound,16.7,224,3120,20.4,4.0
19,M,Diamond Push-ups,4,11,114,5,132,2731,8.0,Intermediate,Arms,Compound,17.2,124,2946,21.0,4.5
37,M,Diamond Push-ups,3,7,44,3,147,2192,7.9,Intermediate,Arms,Compound,16.0,293,2866,29.9,4.6
45,M,Barbell Bench Press,3,11,62,4,173,2119,7.6,Advanced,Chest,Compound,21.7,193,2917,37.7,4.0
29,M,Diamond Push-ups,5,8,63,5,149,2509,6.2,Advanced,Arms,Compound,19.1,120,3162,47.5,4.7
35,M,Barbell Rows,3,10,95,5,191,2684,6.2,Beginner,Back,Compound,17.4,92,2991,28.9,3.9
31,F,Cable Rows,3,11,35,4,112,1670,7.0,Beginner,Back,Isolation,21.4,142,2277,14.4,2.7
42,M,T-Bar Rows,3,7,75,3,135,2266,6.7,Intermediate,Back,Compound,23.2,131,2809,28.8,3.1
19,M,Dumbbell Bench Press,3,11,65,4,187,1944,7.8,Intermediate,Chest,Compound,21.9,206,2621,27.1,3.5
50,M,Diamond Push-ups,3,11,80,5,122,1712,7.9,Intermediate,Arms,Compound,16.8,253,2470,40.5,4.7
43,F,Dumbbell Bench Press,5,11,99,5,138,1404,8.4,Beginner,Chest,Compound,27.2,208,1804,22.3,2.1
51,F,Dumbbell Flyes,4,10,48,5,117,1928,7.7,Intermediate,Chest,Isolation,25.0,102,2150,24.7,2.7
37,F,Deadlifts,5,9,45,5,137,1731,8.2,Beginner,Legs,Compound,20.7,112,2158,15.5,3.3
46,M,Bicep Curls,4,10,43,4,133,1838,6.9,Advanced,Arms,Isolation,22.9,226,2413,27.1,3.2
53,M,T-Bar Rows,5,8,85,3,144,2829,7.8,Intermediate,Back,Compound,23.1,238,3174,39.0,3.5
42,M,Dumbbell Bench Press,3,10,53,3,191,1906,7.6,Intermediate,Chest,Compound,13.9,62,2272,26.7,4.6
50,M,Dumbbell Bench Press,4,8,67,5,167,2295,8.2,Beginner,Chest,Compound,20.1,284,2994,24.7,3.5
46,M,Cable Rows,4,9,56,5,135,2143,8.1,Beginner,Back,Isolation,13.3,278,2699,28.1,4.4
51,M,Overhead Press,5,9,112,3,174,2682,6.8,Intermediate,Shoulders,Compound,12.5,114,2944,20.9,5.0
26,F,Diamond Push-ups,4,8,77,5,129,1219,8.6,Intermediate,Arms,Compound,25.8,249,1884,19.8,2.1
47,M,Chin-ups,3,6,57,3,156,2571,6.3,Advanced,Arms,Compound,24.4,262,3086,46.8,3.1
37,M,Barbell Bench Press,5,11,58,4,158,2243,7.5,Intermediate,Chest,Compound,20.1,86,2798,36.5,4.0
50,M,Face Pulls,3,8,23,3,198,2159,7.9,Advanced,Back,Isolation,24.5,201,2902,27.5,3.0
51,M,Diamond Push-ups,3,9,110,3,136,2846,7.6,Advanced,Arms,Compound,24.7,229,3097,51.0,3.1
52,F,Overhead Press,4,10,98,4,135,1628,6.2,Beginner,Shoulders,Compound,26.8,131,2085,21.3,1.9
26,M,Leg Extensions,3,13,43,5,138,2228,8.8,Advanced,Legs,Isolation,14.7,96,2774,36.1,5.0
41,M,Pull-ups,5,7,56,4,183,2202,7.6,Advanced,Back,Compound,18.5,233,2925,52.0,4.8
32,M,Pec Deck,3,11,57,3,120,2377,8.8,Intermediate,Chest,Isolation,24.5,87,3017,29.1,2.7
39,F,T-Bar Rows,5,6,46,3,114,1477,6.8,Advanced,Back,Compound,27.5,184,1910,35.9,2.7
43,F,Arnold Press,4,6,62,5,108,1813,8.2,Advanced,Shoulders,Compound,28.0,140,2039,27.2,2.2
24,M,Barbell Bench Press,5,11,101,3,137,2173,9.0,Advanced,Chest,Compound,24.4,119,2628,41.0,3.0
19,M,Tricep Extensions,3,11,40,4,120,2370,8.9,Advanced,Arms,Isolation,12.9,107,2586,50.4,5.0
36,M,Rear Delt Flyes,4,8,40,4,197,2188,8.0,Intermediate,Shoulders,Isolation,13.5,252,2469,36.6,4.8
37,F,Dumbbell Bench Press,3,10,62,5,124,1529,6.6,Intermediate,Chest,Compound,23.2,187,2169,20.9,3.1
34,M,Deadlifts,5,6,60,3,161,2566,7.7,Beginner,Legs,Compound,15.0,216,2967,31.5,4.4
34,M,Barbell Bench Press,3,6,103,3,138,2309,7.9,Beginner,Chest,Compound,16.4,252,2888,31.0,4.1
23,M,Leg Press,4,11,54,5,135,1657,8.4,Intermediate,Legs,Compound,21.1,229,2388,31.8,3.5
51,M,Barbell Rows,5,10,113,4,182,1828,7.0,Advanced,Back,Compound,21.4,128,2356,45.2,4.1
18,M,Deadlifts,3,11,71,5,158,1891,6.3,Intermediate,Legs,Compound,16.5,71,2337,30.2,4.3
33,F,Overhead Press,4,8,111,4,117,1809,8.9,Intermediate,Shoulders,Compound,28.6,181,2315,24.7,2.3
43,M,Calf Raises,3,14,17,3,165,2357,8.9,Beginner,Legs,Isolation,23.1,298,3084,34.5,3.0
23,M,Barbell Rows,4,11,59,5,169,1749,8.9,Intermediate,Back,Compound,18.1,90,2334,41.4,4.5
31,M,Pec Deck,3,13,48,3,175,2187,7.3,Advanced,Chest,Isolation,19.2,269,2403,32.4,4.1
49,M,Cable Crossovers,4,12,35,5,163,1600,6.3,Intermediate,Chest,Isolation,20.1,191,2282,21.6,3.3
35,M,Bicep Curls,4,12,59,4,149,2364,7.4,Intermediate,Arms,Isolation,18.7,295,2809,35.0,4.1
27,M,Incline Barbell Bench Press,3,6,100,5,194,1914,8.0,Beginner,Chest,Compound,18.7,259,2638,22.2,3.7
35,M,Chin-ups,4,11,70,3,168,2290,8.5,Intermediate,Arms,Compound,13.1,165,2859,21.5,4.9
52,F,Overhead Press,5,7,45,4,131,1591,7.9,Advanced,Shoulders,Compound,20.9,169,2347,24.7,3.5
40,M,Front Raises,3,14,42,4,144,2200,6.2,Intermediate,Shoulders,Isolation,12.8,134,2611,37.0,5.0
18,M,Barbell Rows,4,8,101,4,151,1940,6.6,Advanced,Back,Compound,23.1,140,2679,40.7,3.8
36,M,Rear Delt Flyes,4,11,20,4,140,2076,7.2,Advanced,Shoulders,Isolation,23.6,154,2848,24.1,2.9
21,M,Overhead Press,5,9,46,5,134,2288,8.7,Intermediate,Shoulders,Compound,22.4,270,2570,26.3,3.4
34,M,Rear Delt Flyes,3,9,39,5,177,2311,8.6,Intermediate,Shoulders,Isolation,24.3,180,2859,21.3,2.5
27,F,Leg Extensions,3,14,18,3,102,1511,6.1,Intermediate,Legs,Isolation,30.5,127,2051,17.9,1.4
50,F,Lunges,4,10,53,4,143,1644,6.2,Beginner,Legs,Compound,18.0,225,2311,15.3,3.8
51,M,Barbell Bench Press,3,10,113,4,142,2671,7.1,Intermediate,Chest,Compound,22.0,204,2875,32.3,3.5
34,M,Barbell Rows,5,11,105,5,151,2348,8.7,Advanced,Back,Compound,20.5,142,2824,25.5,4.0
51,M,Calf Raises,3,14,23,3,155,2610,8.7,Intermediate,Legs,Isolation,15.6,285,3182,30.2,4.4
40,M,Arnold Press,3,11,90,5,197,1660,8.3,Advanced,Shoulders,Compound,12.5,116,2267,47.8,5.0
52,M,Dumbbell Bench Press,4,6,106,3,176,1840,8.6,Advanced,Chest,Compound,15.8,231,2339,40.0,4.9
33,F,Pike Push-ups,3,8,45,3,111,1459,8.6,Intermediate,Shoulders,Compound,20.9,145,2248,26.2,3.7
28,M,T-Bar Rows,4,7,109,5,149,2860,6.3,Intermediate,Back,Compound,14.1,114,3187,34.1,5.0
51,M,Hammer Curls,4,10,46,5,130,2152,8.9,Beginner,Arms,Isolation,22.6,223,2652,31.6,2.9
32,F,Dumbbell Bench Press,4,6,94,5,145,1376,7.8,Beginner,Chest,Compound,22.9,154,1809,18.0,2.6
33,M,Deadlifts,5,11,97,4,192,1609,6.5,Beginner,Legs,Compound,23.8,107,2254,30.5,2.5
25,M,T-Bar Rows,3,10,69,3,165,1505,8.7,Intermediate,Back,Compound,16.3,150,2285,40.9,4.6
46,M,Pull-ups,5,10,66,3,167,2636,7.3,Intermediate,Back,Compound,21.2,185,2984,23.5,3.3
34,M,Reverse Flyes,4,12,37,5,129,2751,8.0,Beginner,Back,Isolation,21.1,88,3127,25.9,3.3
20,M,Arnold Press,3,6,67,5,196,2735,7.0,Intermediate,Shoulders,Compound,19.1,176,3187,31.6,4.1
23,M,Lunges,5,6,47,3,127,1755,7.8,Advanced,Legs,Compound,19.5,242,2229,53.5,4.4
53,F,Lunges,5,8,84,3,134,1768,6.7,Intermediate,Legs,Compound,31.1,66,2174,18.1,1.7
37,F,Diamond Push-ups,4,8,61,3,101,1581,6.7,Intermediate,Arms,Compound,18.7,141,2012,18.3,3.6
26,M,Chin-ups,5,11,59,3,127,2370,7.4,Intermediate,Arms,Compound,17.6,146,2760,25.4,4.0
48,M,Pike Push-ups,5,10,105,3,150,1881,8.8,Beginner,Shoulders,Compound,22.9,93,2441,18.9,2.8
20,F,Leg Curls,3,11,40,4,130,1463,8.8,Beginner,Legs,Isolation,21.7,69,1817,21.9,2.8
39,F,Close-Grip Bench Press,3,11,76,3,148,1435,7.8,Advanced,Arms,Compound,19.6,259,2225,26.9,3.9
40,M,Lat Pulldowns,5,11,42,5,166,2573,7.3,Advanced,Back,Compound,19.7,235,2810,46.5,4.4
43,M,Bicep Curls,4,13,49,3,163,2507,7.1,Intermediate,Arms,Isolation,17.6,81,2979,21.6,4.3
18,M,Pull-ups,4,10,61,5,134,2346,8.1,Beginner,Back,Compound,24.9,207,2955,32.4,2.6
25,F,Squats,5,6,49,4,123,1752,6.3,Intermediate,Legs,Compound,26.3,204,2029,27.6,2.2
44,F,Deadlifts,5,9,45,4,103,1823,7.3,Intermediate,Legs,Compound,25.4,183,2251,26.4,2.7
40,M,T-Bar Rows,3,8,44,4,186,1830,7.5,Advanced,Back,Compound,23.5,211,2238,43.0,3.6
24,M,Incline Barbell Bench Press,4,9,116,5,158,2709,7.0,Beginner,Chest,Compound,14.3,91,3192,33.2,4.6
48,M,Pike Push-ups,3,6,118,3,190,2654,6.9,Beginner,Shoulders,Compound,14.8,268,3009,29.7,4.6
45,M,T-Bar Rows,4,10,68,4,148,2670,8.9,Beginner,Back,Compound,23.6,80,3020,26.8,2.9
27,M,Leg Press,5,9,86,4,151,2540,8.7,Advanced,Legs,Compound,13.5,220,2925,38.7,5.0
40,M,Diamond Push-ups,5,9,68,5,164,1893,6.6,Intermediate,Arms,Compound,17.0,221,2620,41.4,4.8
35,F,Incline Barbell Bench Press,4,10,73,3,103,1667,7.8,Beginner,Chest,Compound,25.8,275,2289,22.1,2.1
42,M,Barbell Rows,5,9,45,4,174,1946,8.5,Advanced,Back,Compound,17.9,73,2568,38.4,4.8
26,M,Leg Press,3,7,45,5,161,2369,6.6,Advanced,Legs,Compound,13.6,106,3060,48.6,5.0
48,M,Overhead Press,4,11,91,4,154,2370,7.5,Beginner,Shoulders,Compound,22.2,149,2725,21.7,3.2
48,F,Leg Curls,3,12,36,5,103,1594,7.5,Intermediate,Legs,Isolation,22.7,89,2380,18.7,2.8
33,M,Bicep Curls,3,13,45,5,140,2408,8.6,Intermediate,Arms,Isolation,21.1,229,2997,21.4,3.1
42,M,Lat Pulldowns,3,6,75,5,158,1884,6.2,Intermediate,Back,Compound,16.0,274,2641,43.2,4.7
50,M,Arnold Press,3,10,115,3,164,2774,8.5,Intermediate,Shoulders,Compound,23.8,99,3005,43.2,3.2
41,M,Face Pulls,3,13,59,5,121,1963,7.8,Intermediate,Back,Isolation,20.8,282,2663,33.2,3.4
44,M,Rear Delt Flyes,3,11,40,4,155,2511,8.9,Intermediate,Shoulders,Isolation,25.0,190,2762,41.5,2.7
30,M,Arnold Press,3,10,105,4,128,2636,6.8,Intermediate,Shoulders,Compound,12.5,280,3185,42.6,5.0
42,M,Leg Extensions,4,8,37,5,150,2010,8.8,Intermediate,Legs,Isolation,14.3,294,2228,38.4,5.0
38,M,Pull-ups,4,6,73,5,147,2495,7.2,Intermediate,Back,Compound,16.5,244,2856,22.7,4.2
19,M,Leg Extensions,4,9,41,5,120,2213,6.4,Intermediate,Legs,Isolation,13.6,290,2674,27.8,4.6
38,M,Leg Curls,4,14,41,5,184,2560,6.1,Intermediate,Legs,Isolation,20.1,80,3016,37.7,3.6
49,F,Barbell Bench Press,4,11,86,4,108,1301,6.2,Beginner,Chest,Compound,28.6,166,1865,17.2,1.8
25,M,Close-Grip Bench Press,5,7,73,5,129,2387,6.1,Intermediate,Arms,Compound,12.7,176,3103,26.4,5.0
40,M,Barbell Bench Press,4,9,112,3,136,2397,9.0,Intermediate,Chest,Compound,21.5,130,2952,37.9,3.6
50,F,Tricep Extensions,4,14,38,3,137,1285,7.6,Intermediate,Arms,Isolation,19.9,150,2059,22.2,3.6
53,F,Diamond Push-ups,4,10,79,3,130,1713,6.3,Advanced,Arms,Compound,28.6,111,2012,23.4,2.3
53,F,Face Pulls,4,9,24,5,104,2073,6.3,Beginner,Back,Isolation,19.8,212,2318,21.7,3.4
27,M,Front Raises,4,13,22,5,151,2262,8.7,Advanced,Shoulders,Isolation,24.8,141,2839,44.1,3.0
31,M,Dumbbell Flyes,3,10,18,5,140,1743,8.1,Advanced,Chest,Isolation,23.8,203,2484,46.7,3.4
54,M,Barbell Bench Press,4,6,91,4,163,1909,6.5,Beginner,Chest,Compound,14.0,194,2368,20.8,4.2
26,M,Pull-ups,5,8,103,3,128,2674,6.9,Intermediate,Back,Compound,19.3,190,3022,27.4,4.0
45,F,Leg Press,5,8,58,4,129,1772,8.6,Intermediate,Legs,Compound,25.4,134,2175,24.9,2.4
35,F,Face Pulls,3,12,39,4,129,1591,8.6,Advanced,Back,Isolation,21.4,108,2187,36.0,3.6
25,M,Lunges,3,9,81,3,193,2305,8.7,Intermediate,Legs,Compound,22.6,135,2870,38.6,3.1
50,M,Overhead Press,4,7,87,3,135,2317,8.1,Advanced,Shoulders,Compound,14.3,221,2626,35.1,5.0
22,M,Calf Raises,3,11,35,5,168,1543,8.3,Advanced,Legs,Isolation,12.6,172,2307,34.8,5.0
48,M,Dumbbell Flyes,3,8,42,3,191,2664,7.6,Intermediate,Chest,Isolation,23.2,67,3086,24.0,2.9
45,F,Leg Press,4,10,46,4,138,1890,6.2,Advanced,Legs,Compound,18.3,215,2119,25.4,4.4
20,M,Cable Rows,3,10,27,5,141,1939,8.7,Advanced,Back,Isolation,24.1,77,2712,39.9,3.5
18,M,Barbell Rows,3,9,114,4,133,2263,6.1,Beginner,Back,Compound,14.3,154,2970,32.7,4.6
20,M,Calf Raises,4,11,17,4,185,1806,7.9,Advanced,Legs,Isolation,24.5,98,2295,24.9,3.1
31,F,Dumbbell Bench Press,5,7,106,5,108,1294,7.3,Beginner,Chest,Compound,31.8,85,1937,16.8,1.0
39,F,Pike Push-ups,5,7,46,3,108,1808,8.8,Advanced,Shoulders,Compound,27.1,175,2234,28.4,2.4
26,M,Lat Pulldowns,3,9,72,3,193,1552,7.6,Beginner,Back,Compound,19.2,68,2316,27.7,3.9
52,M,Close-Grip Bench Press,4,9,57,3,127,2063,8.5,Beginner,Arms,Compound,23.3,95,2853,19.5,2.9
38,F,Incline Barbell Bench Press,5,7,53,4,110,1205,8.5,Advanced,Chest,Compound,31.1,284,1922,31.9,2.3
41,M,Barbell Rows,4,7,47,3,157,2512,8.3,Intermediate,Back,Compound,19.5,197,2834,34.5,4.3
51,F,Leg Press,3,6,103,3,116,2024,8.1,Intermediate,Legs,Compound,27.4,291,2383,29.4,2.3
24,M,T-Bar Rows,4,7,49,4,152,2239,6.7,Advanced,Back,Compound,16.2,105,2569,30.5,4.7
30,M,Pull-ups,5,11,87,3,178,1885,7.3,Beginner,Back,Compound,15.6,277,2673,24.9,4.4
18,M,Lat Pulldowns,5,6,68,5,171,2412,7.8,Intermediate,Back,Compound,19.1,193,2744,42.3,4.6
30,M,Lunges,3,10,44,3,128,2486,8.7,Intermediate,Legs,Compound,14.1,110,3071,40.1,4.9
48,M,T-Bar Rows,4,7,40,4,157,1850,6.2,Intermediate,Back,Compound,23.2,141,2640,33.0,2.9
20,M,Barbell Bench Press,3,8,93,3,130,2025,8.3,Intermediate,Chest,Compound,15.3,97,2548,31.7,4.7
19,F,Barbell Bench Press,5,11,40,5,100,1791,8.3,Beginner,Chest,Compound,30.0,254,2222,12.6,1.6
38,M,Close-Grip Bench Press,3,10,118,4,171,2134,7.1,Advanced,Arms,Compound,16.1,124,2426,41.9,4.8
19,M,Chin-ups,4,6,110,3,170,2444,8.2,Intermediate,Arms,Compound,22.9,177,2786,24.2,3.3
21,M,Incline Barbell Bench Press,3,10,106,4,136,2308,7.8,Advanced,Chest,Compound,16.9,206,2726,34.2,5.0
22,F,Close-Grip Bench Press,3,10,47,4,106,1164,7.1,Intermediate,Arms,Compound,26.8,203,1905,20.2,2.1
20,M,Lunges,5,9,103,4,172,1676,6.3,Intermediate,Legs,Compound,23.6,234,2218,42.7,3.5
50,M,Overhead Press,3,8,104,3,178,2141,8.4,Beginner,Shoulders,Compound,18.5,219,2454,19.8,3.6
54,M,Dumbbell Bench Press,5,9,41,5,151,2796,6.4,Beginner,Chest,Compound,23.1,195,3133,29.1,3.0
28,M,Cable Rows,3,12,54,5,124,1936,7.7,Intermediate,Back,Isolation,19.9,235,2476,21.3,4.1
48,F,Pull-ups,5,11,105,3,100,1189,8.6,Advanced,Back,Compound,26.7,235,1928,30.5,2.5
43,F,Lunges,3,10,53,4,116,1101,7.9,Beginner,Legs,Compound,19.8,118,1847,20.9,3.5
53,M,Leg Press,5,9,75,4,195,1981,6.5,Beginner,Legs,Compound,20.9,299,2262,27.5,3.1
50,F,Dumbbell Bench Press,4,6,49,3,122,1814,8.0,Intermediate,Chest,Compound,24.1,258,2280,29.7,2.6
37,M,Chin-ups,4,11,105,4,142,2179,7.8,Beginner,Arms,Compound,16.8,100,2587,22.4,3.8
18,F,Tricep Extensions,4,12,46,5,135,1238,6.3,Beginner,Arms,Isolation,24.5,121,1819,17.0,2.3
20,F,Arnold Press,4,11,40,5,119,1845,8.1,Advanced,Shoulders,Compound,27.0,246,2131,32.4,2.5
48,M,T-Bar Rows,4,9,59,5,149,2321,7.5,Intermediate,Back,Compound,14.8,85,2575,28.7,4.6
22,M,Bicep Curls,3,13,58,5,195,2846,8.0,Intermediate,Arms,Isolation,13.2,61,3157,37.5,4.9
47,M,Lateral Raises,3,12,53,5,142,1742,9.0,Advanced,Shoulders,Isolation,23.2,242,2277,30.0,3.4
50,M,Leg Press,5,11,60,5,174,2181,6.6,Advanced,Legs,Compound,17.3,100,2741,43.4,4.8
44,M,Lunges,3,8,44,4,151,2542,7.2,Beginner,Legs,Compound,20.6,72,3091,27.6,3.4
42,M,Squats,5,7,93,4,156,2014,8.6,Beginner,Legs,Compound,17.4,153,2594,30.7,4.3
40,M,Barbell Rows,5,11,117,4,178,2177,6.3,Advanced,Back,Compound,22.1,206,2896,35.6,3.6
46,M,Lunges,3,9,91,4,188,1733,8.3,Beginner,Legs,Compound,17.0,211,2458,26.8,4.3
46,F,Lat Pulldowns,4,9,72,5,137,1087,7.2,Intermediate,Back,Compound,24.0,101,1802,20.8,2.7
34,M,Arnold Press,3,9,49,3,159,2167,8.5,Advanced,Shoulders,Compound,14.0,80,2612,47.3,5.0
26,F,Chin-ups,5,6,61,3,108,1439,6.9,Intermediate,Arms,Compound,28.1,293,1868,23.5,1.8
30,M,Pec Deck,3,8,23,4,121,2358,8.3,Beginner,Chest,Isolation,14.3,120,2753,19.3,4.1
30,M,Barbell Rows,5,10,72,5,154,1750,8.2,Beginner,Back,Compound,21.0,296,2345,20.1,3.1
51,M,Leg Extensions,3,10,43,4,150,2504,7.7,Intermediate,Legs,Isolation,20.5,244,2831,36.7,3.5
19,F,Lat Pulldowns,5,10,45,5,103,2033,7.9,Intermediate,Back,Compound,28.4,214,2264,26.4,2.2
39,F,Barbell Bench Press,4,9,58,3,110,1992,6.1,Intermediate,Chest,Compound,28.1,77,2327,27.2,2.4
20,F,Barbell Rows,4,11,90,3,143,1623,8.5,Intermediate,Back,Compound,20.2,248,2168,19.9,3.2
21,M,Face Pulls,4,10,38,5,151,2366,6.8,Beginner,Back,Isolation,21.5,119,2670,26.1,3.2
32,M,Leg Curls,3,13,56,4,159,1865,6.1,Advanced,Legs,Isolation,20.7,170,2399,46.4,4.3
52,M,T-Bar Rows,3,10,75,5,188,1941,8.3,Intermediate,Back,Compound,16.9,147,2364,40.9,4.9
18,M,Arnold Press,4,8,89,4,188,1858,8.0,Beginner,Shoulders,Compound,19.6,106,2433,32.5,4.0
40,M,Arnold Press,4,10,88,4,188,2232,7.4,Intermediate,Shoulders,Compound,12.5,258,2828,40.0,5.0
42,M,Arnold Press,5,11,66,4,164,2003,6.3,Intermediate,Shoulders,Compound,21.9,223,2316,38.6,3.2
54,F,Pike Push-ups,3,11,83,3,143,1693,8.4,Beginner,Shoulders,Compound,23.3,255,2198,23.8,2.5
40,F,Diamond Push-ups,4,7,66,5,109,2060,7.7,Beginner,Arms,Compound,23.9,132,2308,19.5,2.8
25,M,Pec Deck,4,8,17,5,125,2217,8.4,Advanced,Chest,Isolation,13.1,230,2774,50.5,5.0
34,M,Overhead Press,3,8,60,5,146,2004,8.6,Intermediate,Shoulders,Compound,18.8,156,2230,44.0,4.2
45,F,Pull-ups,4,11,118,3,116,1859,7.0,Intermediate,Back,Compound,27.3,90,2185,24.3,2.4
36,M,Chin-ups,3,9,42,5,129,2927,8.7,Intermediate,Arms,Compound,21.3,146,3147,30.3,3.7
27,F,Incline Barbell Bench Press,3,9,48,4,109,1895,8.5,Advanced,Chest,Compound,26.0,286,2295,28.7,2.9
48,M,Deadlifts,4,9,91,4,166,2635,7.7,Beginner,Legs,Compound,23.3,233,2858,26.1,3.0
48,M,Deadlifts,3,11,96,5,144,2358,6.6,Beginner,Legs,Compound,16.8,295,2659,21.7,4.0
51,M,Squats,5,7,118,3,142,1990,7.6,Advanced,Legs,Compound,17.8,138,2497,26.6,4.1
33,F,Front Raises,3,8,15,3,128,1736,6.4,Beginner,Shoulders,Isolation,21.3,272,2333,12.7,3.2
23,M,Lat Pulldowns,4,8,64,5,142,2740,6.0,Intermediate,Back,Compound,15.8,138,3133,21.3,4.3
52,F,Hammer Curls,4,9,18,3,108,1657,7.8,Intermediate,Arms,Isolation,19.5,126,2215,16.1,4.0
27,M,Barbell Bench Press,5,10,106,4,140,1716,7.9,Intermediate,Chest,Compound,22.7,78,2468,41.9,3.7
39,M,Arnold Press,5,11,83,4,153,1497,6.9,Advanced,Shoulders,Compound,23.3,188,2263,41.5,3.5
26,M,Dumbbell Bench Press,3,11,47,3,182,2459,6.5,Intermediate,Chest,Compound,17.8,269,2787,33.4,4.2
43,F,Pike Push-ups,5,8,75,3,112,1558,7.1,Intermediate,Shoulders,Compound,20.0,205,1990,19.9,3.9
23,M,Cable Crossovers,4,9,50,3,166,2765,6.8,Advanced,Chest,Isolation,17.2,254,2998,44.2,5.0
24,M,Leg Press,4,10,93,4,142,2611,8.9,Beginner,Legs,Compound,21.1,150,3144,25.7,3.0
19,M,Chin-ups,3,6,71,3,120,2235,6.1,Beginner,Arms,Compound,18.0,110,2881,22.6,4.2
30,M,Barbell Bench Press,3,11,49,5,174,2256,6.2,Beginner,Chest,Compound,13.1,132,2810,22.9,4.6
35,F,T-Bar Rows,4,10,70,3,105,1796,6.7,Intermediate,Back,Compound,29.9,131,2379,28.9,2.2
18,M,Cable Rows,4,14,38,5,187,2311,6.0,Advanced,Back,Isolation,19.0,282,2682,44.9,4.4
44,M,Overhead Press,3,7,97,5,132,2816,7.6,Beginner,Shoulders,Compound,13.8,262,3161,34.3,4.9
41,F,Leg Extensions,4,13,36,3,144,1237,8.5,Intermediate,Legs,Isolation,26.8,145,1953,20.8,2.2
45,F,Bicep Curls,3,11,29,4,102,1772,7.1,Advanced,Arms,Isolation,23.1,184,2264,33.1,3.4
18,M,Overhead Press,4,8,48,3,131,2166,6.1,Intermediate,Shoulders,Compound,14.9,221,2503,33.5,4.6
36,F,Face Pulls,3,11,38,5,103,1641,8.1,Advanced,Back,Isolation,21.3,199,2024,30.5,3.5
37,M,Pull-ups,3,6,68,4,168,2131,7.6,Intermediate,Back,Compound,12.3,105,2787,40.7,5.0
34,M,Dumbbell Bench Press,5,8,77,4,134,1573,7.0,Intermediate,Chest,Compound,20.2,243,2275,30.9,3.5
26,F,Pike Push-ups,3,7,51,4,117,1406,6.5,Intermediate,Shoulders,Compound,28.0,147,2149,25.0,2.1
20,M,Squats,3,6,44,4,133,2229,8.6,Intermediate,Legs,Compound,17.5,83,2564,37.3,4.5
18,M,Barbell Rows,3,6,94,5,199,2590,6.3,Intermediate,Back,Compound,19.1,116,2831,22.9,4.0
39,F,T-Bar Rows,3,10,43,3,125,1675,6.6,Intermediate,Back,Compound,27.9,244,2117,18.9,2.3
28,M,Pike Push-ups,4,11,111,5,190,1813,6.1,Intermediate,Shoulders,Compound,12.7,252,2500,36.5,5.0
30,F,Overhead Press,3,9,97,5,118,1515,6.6,Intermediate,Shoulders,Compound,23.0,267,2068,20.9,2.9
31,F,Barbell Bench Press,5,7,95,5,149,1267,7.1,Intermediate,Chest,Compound,27.0,61,1895,28.0,2.0
30,M,Deadlifts,5,6,57,3,177,1737,8.4,Advanced,Legs,Compound,20.2,82,2463,24.1,4.1
46,F,Pull-ups,3,8,52,4,101,1724,7.0,Intermediate,Back,Compound,27.2,161,2274,22.9,2.3
29,M,Dumbbell Bench Press,5,9,43,5,166,2496,8.6,Beginner,Chest,Compound,18.3,103,3032,27.0,3.9
38,M,Squats,5,8,108,4,170,2180,8.8,Advanced,Legs,Compound,14.7,263,2880,45.0,5.0
21,F,Barbell Rows,4,11,118,3,121,1959,8.9,Intermediate,Back,Compound,20.0,150,2268,26.6,3.9
39,F,Arnold Press,5,10,57,4,141,1333,6.6,Intermediate,Shoulders,Compound,28.5,91,1942,20.7,1.7
49,M,Diamond Push-ups,5,10,117,3,143,2606,6.6,Beginner,Arms,Compound,19.1,199,2822,30.1,4.1
42,M,Barbell Bench Press,3,10,64,4,185,2451,8.4,Intermediate,Chest,Compound,25.0,154,2717,31.6,2.5
23,M,Pike Push-ups,3,11,89,5,126,1904,6.1,Advanced,Shoulders,Compound,18.9,236,2496,53.7,4.9
35,F,Incline Barbell Bench Press,4,10,105,4,126,1794,7.0,Advanced,Chest,Compound,21.4,103,2053,30.7,3.5
53,F,Pike Push-ups,3,7,67,5,109,1504,8.6,Advanced,Shoulders,Compound,18.6,260,1879,31.1,4.5
53,M,Diamond Push-ups,4,10,78,4,137,2282,8.4,Intermediate,Arms,Compound,23.9,273,2588,22.1,2.6
23,F,Front Raises,3,10,17,4,136,1564,8.4,Beginner,Shoulders,Isolation,21.1,138,1855,22.7,3.4
44,M,Barbell Rows,4,11,65,5,190,2165,6.7,Beginner,Back,Compound,13.2,251,2830,31.2,5.0
28,M,Hammer Curls,4,10,16,4,171,2536,8.7,Advanced,Arms,Isolation,15.7,169,3143,42.4,4.9
35,F,Arnold Press,5,11,51,4,140,1675,8.1,Intermediate,Shoulders,Compound,30.7,286,1992,21.1,1.5
27,F,Barbell Bench Press,5,10,70,3,101,1696,7.3,Beginner,Chest,Compound,24.6,203,2186,14.4,2.2
38,F,Deadlifts,5,6,88,5,125,1214,6.1,Intermediate,Legs,Compound,31.9,299,2013,27.4,1.9
25,M,Hammer Curls,4,9,57,4,124,2466,7.5,Beginner,Arms,Isolation,20.6,138,2804,18.9,3.2
32,M,Arnold Press,3,7,88,3,192,2147,8.2,Intermediate,Shoulders,Compound,21.3,117,2375,35.3,3.4
44,F,Lat Pulldowns,4,7,62,3,136,1589,8.3,Intermediate,Back,Compound,18.2,258,2308,17.7,3.7
20,F,Bicep Curls,3,9,16,5,133,1386,7.5,Advanced,Arms,Isolation,19.8,192,1880,29.1,4.1
41,F,Diamond Push-ups,4,11,98,5,148,1721,6.7,Intermediate,Arms,Compound,24.9,138,2181,26.9,2.8
22,F,Lat Pulldowns,4,6,86,4,145,1569,8.4,Intermediate,Back,Compound,28.6,168,2071,23.7,1.9
25,M,Dumbbell Flyes,4,11,50,3,150,2649,8.4,Advanced,Chest,Isolation,13.3,185,3013,51.0,5.0
41,F,Pull-ups,5,11,63,4,133,1710,7.6,Intermediate,Back,Compound,20.9,72,2226,18.8,3.4
49,M,Chin-ups,4,7,40,5,161,2147,8.9,Intermediate,Arms,Compound,23.2,247,2441,31.2,3.3
33,M,Face Pulls,4,14,19,4,195,2702,7.2,Advanced,Back,Isolation,24.2,63,3036,47.2,3.6
20,F,Tricep Extensions,3,10,52,4,117,1446,8.3,Advanced,Arms,Isolation,23.7,162,2207,34.9,3.1
40,F,Bicep Curls,4,14,29,3,113,1402,7.8,Advanced,Arms,Isolation,18.7,160,2051,31.6,4.1
32,M,Pike Push-ups,4,8,55,5,177,2602,6.4,Intermediate,Shoulders,Compound,15.9,238,3085,42.2,4.9
49,M,T-Bar Rows,5,11,67,5,150,1912,7.7,Intermediate,Back,Compound,17.2,105,2555,44.3,4.6
40,F,Hammer Curls,3,9,46,5,104,1613,6.4,Advanced,Arms,Isolation,28.3,171,1870,26.3,2.4
24,F,Dumbbell Flyes,4,10,48,4,104,1806,6.9,Intermediate,Chest,Isolation,26.4,179,2226,21.2,2.2
30,M,Calf Raises,3,8,52,5,172,2311,7.5,Beginner,Legs,Isolation,12.6,117,2562,34.1,4.7
39,M,Leg Curls,4,8,24,4,145,2561,8.5,Beginner,Legs,Isolation,20.6,150,2981,26.1,3.4
53,M,Pull-ups,3,8,89,3,148,1836,7.4,Intermediate,Back,Compound,13.6,126,2415,34.9,5.0
36,F,Close-Grip Bench Press,3,11,43,3,147,1674,7.0,Intermediate,Arms,Compound,19.9,202,2012,27.7,3.7
27,M,Barbell Rows,5,7,77,3,159,1868,7.9,Advanced,Back,Compound,12.8,159,2302,46.0,5.0
35,F,Leg Curls,4,14,22,4,148,1892,9.0,Intermediate,Legs,Isolation,23.0,110,2171,29.2,2.9
50,F,Squats,4,8,72,3,139,1166,7.3,Advanced,Legs,Compound,19.1,261,1889,30.7,4.6
23,F,Face Pulls,3,10,40,4,132,1394,6.0,Intermediate,Back,Isolation,25.6,154,2166,18.1,2.2
41,M,Rear Delt Flyes,3,12,27,5,157,2550,7.1,Advanced,Shoulders,Isolation,21.0,186,3148,40.5,3.8
21,F,Lat Pulldowns,4,7,117,5,130,1610,7.5,Intermediate,Back,Compound,28.5,286,1886,21.0,2.3
18,M,Arnold Press,4,7,85,4,124,1880,7.8,Intermediate,Shoulders,Compound,19.5,225,2268,22.6,4.0
40,M,Leg Extensions,4,9,15,4,179,1899,7.6,Intermediate,Legs,Isolation,18.4,160,2400,35.1,4.3
46,M,Close-Grip Bench Press,5,10,101,5,156,1835,7.6,Advanced,Arms,Compound,13.3,194,2335,48.1,5.0
22,M,Cable Rows,3,11,21,3,194,1826,7.3,Intermediate,Back,Isolation,13.9,252,2386,36.4,4.8
19,M,Dumbbell Bench Press,4,9,69,3,166,1802,8.2,Beginner,Chest,Compound,16.3,231,2223,32.1,4.3
46,M,Incline Barbell Bench Press,5,8,51,3,127,1871,7.3,Beginner,Chest,Compound,12.5,189,2519,19.6,4.7
19,M,Deadlifts,5,8,53,3,162,2352,7.3,Intermediate,Legs,Compound,15.9,83,2579,39.6,4.8
34,M,Lat Pulldowns,5,10,86,5,142,1680,8.2,Advanced,Back,Compound,18.1,277,2299,26.1,4.4
32,M,Incline Barbell Bench Press,3,11,119,4,157,2364,8.7,Intermediate,Chest,Compound,17.4,255,2791,20.7,4.3
43,M,Arnold Press,3,8,96,5,177,2847,8.3,Intermediate,Shoulders,Compound,19.7,69,3119,33.0,4.3
36,F,Chin-ups,5,6,57,3,100,1879,6.0,Intermediate,Arms,Compound,27.8,96,2121,25.0,2.0
22,M,Pec Deck,4,12,39,4,175,2558,6.8,Advanced,Chest,Isolation,22.1,111,3020,51.6,3.9
47,M,Close-Grip Bench Press,5,6,65,5,162,2283,7.9,Advanced,Arms,Compound,15.0,159,2837,47.8,5.0
41,M,T-Bar Rows,5,11,90,3,176,2286,6.4,Advanced,Back,Compound,22.6,297,2596,47.0,3.7
37,M,Cable Crossovers,3,14,33,5,160,2316,7.0,Intermediate,Chest,Isolation,24.8,208,2745,37.5,3.0
44,M,Chin-ups,3,9,54,4,192,2564,6.3,Intermediate,Arms,Compound,19.6,117,2963,39.1,4.3
24,M,Calf Raises,3,11,20,4,144,1834,8.5,Intermediate,Legs,Isolation,17.6,198,2521,42.3,4.6
40,M,T-Bar Rows,3,10,51,5,152,1757,6.6,Advanced,Back,Compound,17.9,170,2200,34.8,4.6
34,F,Reverse Flyes,4,14,31,3,108,2016,7.1,Intermediate,Back,Isolation,27.3,60,2382,25.3,2.4
27,M,Arnold Press,4,7,52,3,191,1781,6.6,Intermediate,Shoulders,Compound,12.6,261,2279,39.4,5.0
48,M,Pike Push-ups,4,7,63,3,165,2473,8.5,Intermediate,Shoulders,Compound,17.7,281,2836,36.3,4.7
30,M,Calf Raises,3,8,29,5,197,1968,9.0,Intermediate,Legs,Isolation,13.8,161,2717,23.8,4.7
32,M,Incline Barbell Bench Press,4,7,75,5,135,1982,8.3,Beginner,Chest,Compound,24.3,234,2516,18.9,2.3
36,M,Leg Press,5,6,88,4,166,2317,6.8,Intermediate,Legs,Compound,16.3,286,3021,44.6,5.0
49,F,Face Pulls,3,10,34,3,137,1752,8.0,Advanced,Back,Isolation,25.3,227,2000,31.7,2.8
41,M,Pike Push-ups,5,9,110,3,154,2001,8.8,Advanced,Shoulders,Compound,15.7,264,2308,51.6,5.0
21,M,Close-Grip Bench Press,5,7,79,3,147,2441,7.3,Intermediate,Arms,Compound,19.7,251,2878,42.5,4.4
46,M,Reverse Flyes,4,14,23,3,134,2161,7.5,Intermediate,Back,Isolation,21.5,149,2693,35.7,3.5
45,M,Reverse Flyes,3,13,44,3,167,2211,7.1,Intermediate,Back,Isolation,18.4,294,2953,24.6,4.0
30,M,Front Raises,3,13,29,3,184,2890,8.9,Advanced,Shoulders,Isolation,15.6,282,3116,37.8,5.0
19,M,T-Bar Rows,3,7,55,3,148,1574,8.8,Intermediate,Back,Compound,25.0,185,2332,21.1,2.4
36,F,T-Bar Rows,5,10,54,3,134,2098,7.2,Beginner,Back,Compound,23.5,288,2334,22.3,2.8
42,M,Barbell Rows,3,10,65,5,167,2652,8.7,Intermediate,Back,Compound,21.7,90,2869,41.8,3.3
48,M,Front Raises,3,8,25,4,181,2439,7.1,Intermediate,Shoulders,Isolation,16.7,255,2752,42.1,4.5
50,M,Lunges,4,6,92,3,180,2307,7.1,Advanced,Legs,Compound,12.2,70,2573,52.2,5.0
38,F,Squats,3,10,69,3,136,1894,6.6,Beginner,Legs,Compound,28.8,107,2228,17.9,1.9
51,M,Overhead Press,4,10,48,5,129,2322,7.2,Intermediate,Shoulders,Compound,19.4,177,2659,35.0,4.2
40,M,Face Pulls,4,9,32,5,125,2119,8.8,Beginner,Back,Isolation,12.8,255,2782,30.4,4.9
45,M,Overhead Press,4,11,53,5,136,1879,7.3,Beginner,Shoulders,Compound,14.1,116,2302,19.4,4.4
21,M,Bicep Curls,3,12,38,4,176,2287,6.8,Advanced,Arms,Isolation,20.8,118,3071,50.3,4.0
40,M,Overhead Press,5,8,51,3,199,2165,7.0,Intermediate,Shoulders,Compound,17.1,90,2527,37.7,4.3
19,M,Incline Barbell Bench Press,5,10,93,3,142,2185,8.1,Intermediate,Chest,Compound,20.5,201,2750,26.9,3.7
51,M,T-Bar Rows,5,10,71,5,141,2285,7.4,Advanced,Back,Compound,21.3,96,2912,52.5,3.7
37,M,Overhead Press,5,11,113,5,199,2846,7.2,Intermediate,Shoulders,Compound,15.9,77,3128,31.1,4.8
21,M,Cable Rows,3,14,40,5,120,2687,6.3,Beginner,Back,Isolation,12.7,201,2961,33.6,5.0
40,M,Arnold Press,5,9,106,5,124,2295,6.8,Advanced,Shoulders,Compound,16.8,159,3078,52.6,4.9
49,M,Squats,4,9,114,4,186,1846,7.2,Intermediate,Legs,Compound,16.8,184,2499,34.6,4.7
25,M,Pike Push-ups,3,10,87,4,135,1741,6.8,Intermediate,Shoulders,Compound,24.1,239,2425,23.4,2.8
40,F,Squats,5,11,108,5,117,1797,7.0,Advanced,Legs,Compound,19.8,75,2173,35.4,4.5
